id,area,topic,round_type,question,answer
1,Python,Data types & variables,Screening/MCQ,[Screening/MCQ] Explain Python's built-in data types and how you would use them in a data analysis script.,"Python's core data types include numeric types (int, float), text (str), Boolean (bool), and collections (list, tuple, set, dict). In data analysis scripts you typically read raw data into lists or dictionaries, convert numeric strings to ints/floats, and use sets to deduplicate values. Knowing the mutability and performance characteristics of each type helps you choose the right structure for filtering, aggregating, and joining datasets. In a Screening/MCQ round, emphasize the aspects most relevant to that format, such as brevity for screenings, code or queries for technical rounds, tool navigation for hands-on, structured thinking for case scenarios, and trade-offs or architecture for design discussions."
2,Python,Data types & variables,Technical coding,[Technical coding] Explain Python's built-in data types and how you would use them in a data analysis script.,"Python's core data types include numeric types (int, float), text (str), Boolean (bool), and collections (list, tuple, set, dict). In data analysis scripts you typically read raw data into lists or dictionaries, convert numeric strings to ints/floats, and use sets to deduplicate values. Knowing the mutability and performance characteristics of each type helps you choose the right structure for filtering, aggregating, and joining datasets. In a Technical coding round, emphasize the aspects most relevant to that format, such as brevity for screenings, code or queries for technical rounds, tool navigation for hands-on, structured thinking for case scenarios, and trade-offs or architecture for design discussions."
3,Python,Data types & variables,Tool hands-on,[Tool hands-on] Explain Python's built-in data types and how you would use them in a data analysis script.,"Python's core data types include numeric types (int, float), text (str), Boolean (bool), and collections (list, tuple, set, dict). In data analysis scripts you typically read raw data into lists or dictionaries, convert numeric strings to ints/floats, and use sets to deduplicate values. Knowing the mutability and performance characteristics of each type helps you choose the right structure for filtering, aggregating, and joining datasets. In a Tool hands-on round, emphasize the aspects most relevant to that format, such as brevity for screenings, code or queries for technical rounds, tool navigation for hands-on, structured thinking for case scenarios, and trade-offs or architecture for design discussions."
4,Python,Data types & variables,Case/Scenario,[Case/Scenario] Explain Python's built-in data types and how you would use them in a data analysis script.,"Python's core data types include numeric types (int, float), text (str), Boolean (bool), and collections (list, tuple, set, dict). In data analysis scripts you typically read raw data into lists or dictionaries, convert numeric strings to ints/floats, and use sets to deduplicate values. Knowing the mutability and performance characteristics of each type helps you choose the right structure for filtering, aggregating, and joining datasets. In a Case/Scenario round, emphasize the aspects most relevant to that format, such as brevity for screenings, code or queries for technical rounds, tool navigation for hands-on, structured thinking for case scenarios, and trade-offs or architecture for design discussions."
5,Python,Data types & variables,System/design discussion,[System/design discussion] Explain Python's built-in data types and how you would use them in a data analysis script.,"Python's core data types include numeric types (int, float), text (str), Boolean (bool), and collections (list, tuple, set, dict). In data analysis scripts you typically read raw data into lists or dictionaries, convert numeric strings to ints/floats, and use sets to deduplicate values. Knowing the mutability and performance characteristics of each type helps you choose the right structure for filtering, aggregating, and joining datasets. In a System/design discussion round, emphasize the aspects most relevant to that format, such as brevity for screenings, code or queries for technical rounds, tool navigation for hands-on, structured thinking for case scenarios, and trade-offs or architecture for design discussions."
6,Python,Lists vs tuples vs sets,Screening/MCQ,"[Screening/MCQ] What are lists, tuples, and sets in Python, and how do they differ in behavior and use cases for analytics?","Lists are ordered, mutable sequences that allow duplicates, ideal for collections you will change such as rows read from a file. Tuples are ordered but immutable, good for fixed records like (customer_id, order_id, amount) where the structure should not change. Sets are unordered collections of unique elements, used to remove duplicates, check membership efficiently, or implement simple joins by intersecting value sets. In a Screening/MCQ round, emphasize the aspects most relevant to that format, such as brevity for screenings, code or queries for technical rounds, tool navigation for hands-on, structured thinking for case scenarios, and trade-offs or architecture for design discussions."
7,Python,Lists vs tuples vs sets,Technical coding,"[Technical coding] What are lists, tuples, and sets in Python, and how do they differ in behavior and use cases for analytics?","Lists are ordered, mutable sequences that allow duplicates, ideal for collections you will change such as rows read from a file. Tuples are ordered but immutable, good for fixed records like (customer_id, order_id, amount) where the structure should not change. Sets are unordered collections of unique elements, used to remove duplicates, check membership efficiently, or implement simple joins by intersecting value sets. In a Technical coding round, emphasize the aspects most relevant to that format, such as brevity for screenings, code or queries for technical rounds, tool navigation for hands-on, structured thinking for case scenarios, and trade-offs or architecture for design discussions."
8,Python,Lists vs tuples vs sets,Tool hands-on,"[Tool hands-on] What are lists, tuples, and sets in Python, and how do they differ in behavior and use cases for analytics?","Lists are ordered, mutable sequences that allow duplicates, ideal for collections you will change such as rows read from a file. Tuples are ordered but immutable, good for fixed records like (customer_id, order_id, amount) where the structure should not change. Sets are unordered collections of unique elements, used to remove duplicates, check membership efficiently, or implement simple joins by intersecting value sets. In a Tool hands-on round, emphasize the aspects most relevant to that format, such as brevity for screenings, code or queries for technical rounds, tool navigation for hands-on, structured thinking for case scenarios, and trade-offs or architecture for design discussions."
9,Python,Lists vs tuples vs sets,Case/Scenario,"[Case/Scenario] What are lists, tuples, and sets in Python, and how do they differ in behavior and use cases for analytics?","Lists are ordered, mutable sequences that allow duplicates, ideal for collections you will change such as rows read from a file. Tuples are ordered but immutable, good for fixed records like (customer_id, order_id, amount) where the structure should not change. Sets are unordered collections of unique elements, used to remove duplicates, check membership efficiently, or implement simple joins by intersecting value sets. In a Case/Scenario round, emphasize the aspects most relevant to that format, such as brevity for screenings, code or queries for technical rounds, tool navigation for hands-on, structured thinking for case scenarios, and trade-offs or architecture for design discussions."
10,Python,Lists vs tuples vs sets,System/design discussion,"[System/design discussion] What are lists, tuples, and sets in Python, and how do they differ in behavior and use cases for analytics?","Lists are ordered, mutable sequences that allow duplicates, ideal for collections you will change such as rows read from a file. Tuples are ordered but immutable, good for fixed records like (customer_id, order_id, amount) where the structure should not change. Sets are unordered collections of unique elements, used to remove duplicates, check membership efficiently, or implement simple joins by intersecting value sets. In a System/design discussion round, emphasize the aspects most relevant to that format, such as brevity for screenings, code or queries for technical rounds, tool navigation for hands-on, structured thinking for case scenarios, and trade-offs or architecture for design discussions."
11,Python,Dictionaries,Screening/MCQ,[Screening/MCQ] Describe Python dictionaries and give examples of how a data analyst might use them.,"A Python dict is a hash map from keys to values, offering average O(1) lookup, insert, and delete performance. Data analysts often use dictionaries to map IDs to attributes, cache expensive computations, or implement simple aggregations (e.g., summing sales by product_id). Because keys must be hashable and unique, dicts are ideal whenever you want fast lookups by a unique identifier. In a Screening/MCQ round, emphasize the aspects most relevant to that format, such as brevity for screenings, code or queries for technical rounds, tool navigation for hands-on, structured thinking for case scenarios, and trade-offs or architecture for design discussions."
12,Python,Dictionaries,Technical coding,[Technical coding] Describe Python dictionaries and give examples of how a data analyst might use them.,"A Python dict is a hash map from keys to values, offering average O(1) lookup, insert, and delete performance. Data analysts often use dictionaries to map IDs to attributes, cache expensive computations, or implement simple aggregations (e.g., summing sales by product_id). Because keys must be hashable and unique, dicts are ideal whenever you want fast lookups by a unique identifier. In a Technical coding round, emphasize the aspects most relevant to that format, such as brevity for screenings, code or queries for technical rounds, tool navigation for hands-on, structured thinking for case scenarios, and trade-offs or architecture for design discussions."
13,Python,Dictionaries,Tool hands-on,[Tool hands-on] Describe Python dictionaries and give examples of how a data analyst might use them.,"A Python dict is a hash map from keys to values, offering average O(1) lookup, insert, and delete performance. Data analysts often use dictionaries to map IDs to attributes, cache expensive computations, or implement simple aggregations (e.g., summing sales by product_id). Because keys must be hashable and unique, dicts are ideal whenever you want fast lookups by a unique identifier. In a Tool hands-on round, emphasize the aspects most relevant to that format, such as brevity for screenings, code or queries for technical rounds, tool navigation for hands-on, structured thinking for case scenarios, and trade-offs or architecture for design discussions."
14,Python,Dictionaries,Case/Scenario,[Case/Scenario] Describe Python dictionaries and give examples of how a data analyst might use them.,"A Python dict is a hash map from keys to values, offering average O(1) lookup, insert, and delete performance. Data analysts often use dictionaries to map IDs to attributes, cache expensive computations, or implement simple aggregations (e.g., summing sales by product_id). Because keys must be hashable and unique, dicts are ideal whenever you want fast lookups by a unique identifier. In a Case/Scenario round, emphasize the aspects most relevant to that format, such as brevity for screenings, code or queries for technical rounds, tool navigation for hands-on, structured thinking for case scenarios, and trade-offs or architecture for design discussions."
15,Python,Dictionaries,System/design discussion,[System/design discussion] Describe Python dictionaries and give examples of how a data analyst might use them.,"A Python dict is a hash map from keys to values, offering average O(1) lookup, insert, and delete performance. Data analysts often use dictionaries to map IDs to attributes, cache expensive computations, or implement simple aggregations (e.g., summing sales by product_id). Because keys must be hashable and unique, dicts are ideal whenever you want fast lookups by a unique identifier. In a System/design discussion round, emphasize the aspects most relevant to that format, such as brevity for screenings, code or queries for technical rounds, tool navigation for hands-on, structured thinking for case scenarios, and trade-offs or architecture for design discussions."
16,Python,Control flow,Screening/MCQ,"[Screening/MCQ] How do if/elif/else and for/while loops work in Python, and how are they used in data scripts?","If/elif/else statements implement conditional branching based on Boolean expressions, letting your script handle different paths for missing values, error cases, or data types. For loops iterate over sequences, and while loops continue while a condition is true, so you can process rows, batch API calls, or retry operations until success. Clean control flow structures make ETL steps easier to read and debug compared with deeply nested code. In a Screening/MCQ round, emphasize the aspects most relevant to that format, such as brevity for screenings, code or queries for technical rounds, tool navigation for hands-on, structured thinking for case scenarios, and trade-offs or architecture for design discussions."
17,Python,Control flow,Technical coding,"[Technical coding] How do if/elif/else and for/while loops work in Python, and how are they used in data scripts?","If/elif/else statements implement conditional branching based on Boolean expressions, letting your script handle different paths for missing values, error cases, or data types. For loops iterate over sequences, and while loops continue while a condition is true, so you can process rows, batch API calls, or retry operations until success. Clean control flow structures make ETL steps easier to read and debug compared with deeply nested code. In a Technical coding round, emphasize the aspects most relevant to that format, such as brevity for screenings, code or queries for technical rounds, tool navigation for hands-on, structured thinking for case scenarios, and trade-offs or architecture for design discussions."
18,Python,Control flow,Tool hands-on,"[Tool hands-on] How do if/elif/else and for/while loops work in Python, and how are they used in data scripts?","If/elif/else statements implement conditional branching based on Boolean expressions, letting your script handle different paths for missing values, error cases, or data types. For loops iterate over sequences, and while loops continue while a condition is true, so you can process rows, batch API calls, or retry operations until success. Clean control flow structures make ETL steps easier to read and debug compared with deeply nested code. In a Tool hands-on round, emphasize the aspects most relevant to that format, such as brevity for screenings, code or queries for technical rounds, tool navigation for hands-on, structured thinking for case scenarios, and trade-offs or architecture for design discussions."
19,Python,Control flow,Case/Scenario,"[Case/Scenario] How do if/elif/else and for/while loops work in Python, and how are they used in data scripts?","If/elif/else statements implement conditional branching based on Boolean expressions, letting your script handle different paths for missing values, error cases, or data types. For loops iterate over sequences, and while loops continue while a condition is true, so you can process rows, batch API calls, or retry operations until success. Clean control flow structures make ETL steps easier to read and debug compared with deeply nested code. In a Case/Scenario round, emphasize the aspects most relevant to that format, such as brevity for screenings, code or queries for technical rounds, tool navigation for hands-on, structured thinking for case scenarios, and trade-offs or architecture for design discussions."
20,Python,Control flow,System/design discussion,"[System/design discussion] How do if/elif/else and for/while loops work in Python, and how are they used in data scripts?","If/elif/else statements implement conditional branching based on Boolean expressions, letting your script handle different paths for missing values, error cases, or data types. For loops iterate over sequences, and while loops continue while a condition is true, so you can process rows, batch API calls, or retry operations until success. Clean control flow structures make ETL steps easier to read and debug compared with deeply nested code. In a System/design discussion round, emphasize the aspects most relevant to that format, such as brevity for screenings, code or queries for technical rounds, tool navigation for hands-on, structured thinking for case scenarios, and trade-offs or architecture for design discussions."
21,Python,Functions,Screening/MCQ,"[Screening/MCQ] Why are functions important in Python, and how would you structure data-processing functions in an analytics project?","Functions encapsulate reusable logic with parameters and return values, improving readability and testability. In analytics projects you might write functions to load data, clean columns, transform features, and compute metrics, each focused on a single responsibility. Clear function names, well-defined inputs/outputs, and avoiding hidden global state help you reuse the same functions across scripts and pipelines. In a Screening/MCQ round, emphasize the aspects most relevant to that format, such as brevity for screenings, code or queries for technical rounds, tool navigation for hands-on, structured thinking for case scenarios, and trade-offs or architecture for design discussions."
22,Python,Functions,Technical coding,"[Technical coding] Why are functions important in Python, and how would you structure data-processing functions in an analytics project?","Functions encapsulate reusable logic with parameters and return values, improving readability and testability. In analytics projects you might write functions to load data, clean columns, transform features, and compute metrics, each focused on a single responsibility. Clear function names, well-defined inputs/outputs, and avoiding hidden global state help you reuse the same functions across scripts and pipelines. In a Technical coding round, emphasize the aspects most relevant to that format, such as brevity for screenings, code or queries for technical rounds, tool navigation for hands-on, structured thinking for case scenarios, and trade-offs or architecture for design discussions."
23,Python,Functions,Tool hands-on,"[Tool hands-on] Why are functions important in Python, and how would you structure data-processing functions in an analytics project?","Functions encapsulate reusable logic with parameters and return values, improving readability and testability. In analytics projects you might write functions to load data, clean columns, transform features, and compute metrics, each focused on a single responsibility. Clear function names, well-defined inputs/outputs, and avoiding hidden global state help you reuse the same functions across scripts and pipelines. In a Tool hands-on round, emphasize the aspects most relevant to that format, such as brevity for screenings, code or queries for technical rounds, tool navigation for hands-on, structured thinking for case scenarios, and trade-offs or architecture for design discussions."
24,Python,Functions,Case/Scenario,"[Case/Scenario] Why are functions important in Python, and how would you structure data-processing functions in an analytics project?","Functions encapsulate reusable logic with parameters and return values, improving readability and testability. In analytics projects you might write functions to load data, clean columns, transform features, and compute metrics, each focused on a single responsibility. Clear function names, well-defined inputs/outputs, and avoiding hidden global state help you reuse the same functions across scripts and pipelines. In a Case/Scenario round, emphasize the aspects most relevant to that format, such as brevity for screenings, code or queries for technical rounds, tool navigation for hands-on, structured thinking for case scenarios, and trade-offs or architecture for design discussions."
25,Python,Functions,System/design discussion,"[System/design discussion] Why are functions important in Python, and how would you structure data-processing functions in an analytics project?","Functions encapsulate reusable logic with parameters and return values, improving readability and testability. In analytics projects you might write functions to load data, clean columns, transform features, and compute metrics, each focused on a single responsibility. Clear function names, well-defined inputs/outputs, and avoiding hidden global state help you reuse the same functions across scripts and pipelines. In a System/design discussion round, emphasize the aspects most relevant to that format, such as brevity for screenings, code or queries for technical rounds, tool navigation for hands-on, structured thinking for case scenarios, and trade-offs or architecture for design discussions."
26,Python,Modules & packages,Screening/MCQ,"[Screening/MCQ] Explain Python modules and packages, and how you would organize an analytics codebase using them.","A module is a single Python file that can be imported, while a package is a directory containing an __init__.py file and multiple modules. For analytics work you can group related functionality into modules such as data_loading.py, cleaning.py, visualization.py, and wrap them in a package for reuse across projects. Proper packaging, along with virtual environments, avoids dependency conflicts and keeps your codebase maintainable. In a Screening/MCQ round, emphasize the aspects most relevant to that format, such as brevity for screenings, code or queries for technical rounds, tool navigation for hands-on, structured thinking for case scenarios, and trade-offs or architecture for design discussions."
27,Python,Modules & packages,Technical coding,"[Technical coding] Explain Python modules and packages, and how you would organize an analytics codebase using them.","A module is a single Python file that can be imported, while a package is a directory containing an __init__.py file and multiple modules. For analytics work you can group related functionality into modules such as data_loading.py, cleaning.py, visualization.py, and wrap them in a package for reuse across projects. Proper packaging, along with virtual environments, avoids dependency conflicts and keeps your codebase maintainable. In a Technical coding round, emphasize the aspects most relevant to that format, such as brevity for screenings, code or queries for technical rounds, tool navigation for hands-on, structured thinking for case scenarios, and trade-offs or architecture for design discussions."
28,Python,Modules & packages,Tool hands-on,"[Tool hands-on] Explain Python modules and packages, and how you would organize an analytics codebase using them.","A module is a single Python file that can be imported, while a package is a directory containing an __init__.py file and multiple modules. For analytics work you can group related functionality into modules such as data_loading.py, cleaning.py, visualization.py, and wrap them in a package for reuse across projects. Proper packaging, along with virtual environments, avoids dependency conflicts and keeps your codebase maintainable. In a Tool hands-on round, emphasize the aspects most relevant to that format, such as brevity for screenings, code or queries for technical rounds, tool navigation for hands-on, structured thinking for case scenarios, and trade-offs or architecture for design discussions."
29,Python,Modules & packages,Case/Scenario,"[Case/Scenario] Explain Python modules and packages, and how you would organize an analytics codebase using them.","A module is a single Python file that can be imported, while a package is a directory containing an __init__.py file and multiple modules. For analytics work you can group related functionality into modules such as data_loading.py, cleaning.py, visualization.py, and wrap them in a package for reuse across projects. Proper packaging, along with virtual environments, avoids dependency conflicts and keeps your codebase maintainable. In a Case/Scenario round, emphasize the aspects most relevant to that format, such as brevity for screenings, code or queries for technical rounds, tool navigation for hands-on, structured thinking for case scenarios, and trade-offs or architecture for design discussions."
30,Python,Modules & packages,System/design discussion,"[System/design discussion] Explain Python modules and packages, and how you would organize an analytics codebase using them.","A module is a single Python file that can be imported, while a package is a directory containing an __init__.py file and multiple modules. For analytics work you can group related functionality into modules such as data_loading.py, cleaning.py, visualization.py, and wrap them in a package for reuse across projects. Proper packaging, along with virtual environments, avoids dependency conflicts and keeps your codebase maintainable. In a System/design discussion round, emphasize the aspects most relevant to that format, such as brevity for screenings, code or queries for technical rounds, tool navigation for hands-on, structured thinking for case scenarios, and trade-offs or architecture for design discussions."
31,Python,Virtual environments,Screening/MCQ,[Screening/MCQ] What are Python virtual environments and why are they critical for data projects?,"Virtual environments isolate Python interpreters and installed libraries per project, preventing version conflicts between dependencies. In data projects you may need specific versions of pandas, numpy, or visualization libraries; using venv or tools like pipenv and conda ensures your scripts run consistently on different machines. This isolation also makes deployments and reproducibility much easier, especially when sharing notebooks or productionizing code. In a Screening/MCQ round, emphasize the aspects most relevant to that format, such as brevity for screenings, code or queries for technical rounds, tool navigation for hands-on, structured thinking for case scenarios, and trade-offs or architecture for design discussions."
32,Python,Virtual environments,Technical coding,[Technical coding] What are Python virtual environments and why are they critical for data projects?,"Virtual environments isolate Python interpreters and installed libraries per project, preventing version conflicts between dependencies. In data projects you may need specific versions of pandas, numpy, or visualization libraries; using venv or tools like pipenv and conda ensures your scripts run consistently on different machines. This isolation also makes deployments and reproducibility much easier, especially when sharing notebooks or productionizing code. In a Technical coding round, emphasize the aspects most relevant to that format, such as brevity for screenings, code or queries for technical rounds, tool navigation for hands-on, structured thinking for case scenarios, and trade-offs or architecture for design discussions."
33,Python,Virtual environments,Tool hands-on,[Tool hands-on] What are Python virtual environments and why are they critical for data projects?,"Virtual environments isolate Python interpreters and installed libraries per project, preventing version conflicts between dependencies. In data projects you may need specific versions of pandas, numpy, or visualization libraries; using venv or tools like pipenv and conda ensures your scripts run consistently on different machines. This isolation also makes deployments and reproducibility much easier, especially when sharing notebooks or productionizing code. In a Tool hands-on round, emphasize the aspects most relevant to that format, such as brevity for screenings, code or queries for technical rounds, tool navigation for hands-on, structured thinking for case scenarios, and trade-offs or architecture for design discussions."
34,Python,Virtual environments,Case/Scenario,[Case/Scenario] What are Python virtual environments and why are they critical for data projects?,"Virtual environments isolate Python interpreters and installed libraries per project, preventing version conflicts between dependencies. In data projects you may need specific versions of pandas, numpy, or visualization libraries; using venv or tools like pipenv and conda ensures your scripts run consistently on different machines. This isolation also makes deployments and reproducibility much easier, especially when sharing notebooks or productionizing code. In a Case/Scenario round, emphasize the aspects most relevant to that format, such as brevity for screenings, code or queries for technical rounds, tool navigation for hands-on, structured thinking for case scenarios, and trade-offs or architecture for design discussions."
35,Python,Virtual environments,System/design discussion,[System/design discussion] What are Python virtual environments and why are they critical for data projects?,"Virtual environments isolate Python interpreters and installed libraries per project, preventing version conflicts between dependencies. In data projects you may need specific versions of pandas, numpy, or visualization libraries; using venv or tools like pipenv and conda ensures your scripts run consistently on different machines. This isolation also makes deployments and reproducibility much easier, especially when sharing notebooks or productionizing code. In a System/design discussion round, emphasize the aspects most relevant to that format, such as brevity for screenings, code or queries for technical rounds, tool navigation for hands-on, structured thinking for case scenarios, and trade-offs or architecture for design discussions."
36,Python,File I/O,Screening/MCQ,[Screening/MCQ] Describe how you would read from and write to files in Python in the context of analytics.,"Python's built-in open function lets you read and write text and binary files using context managers to ensure proper closing. For analytics you often read CSVs or JSON, either manually parsing lines or using libraries like csv and json for structured access. You also write intermediate outputs, logs, or transformed datasets to disk so that downstream steps or stakeholders can inspect results. In a Screening/MCQ round, emphasize the aspects most relevant to that format, such as brevity for screenings, code or queries for technical rounds, tool navigation for hands-on, structured thinking for case scenarios, and trade-offs or architecture for design discussions."
37,Python,File I/O,Technical coding,[Technical coding] Describe how you would read from and write to files in Python in the context of analytics.,"Python's built-in open function lets you read and write text and binary files using context managers to ensure proper closing. For analytics you often read CSVs or JSON, either manually parsing lines or using libraries like csv and json for structured access. You also write intermediate outputs, logs, or transformed datasets to disk so that downstream steps or stakeholders can inspect results. In a Technical coding round, emphasize the aspects most relevant to that format, such as brevity for screenings, code or queries for technical rounds, tool navigation for hands-on, structured thinking for case scenarios, and trade-offs or architecture for design discussions."
38,Python,File I/O,Tool hands-on,[Tool hands-on] Describe how you would read from and write to files in Python in the context of analytics.,"Python's built-in open function lets you read and write text and binary files using context managers to ensure proper closing. For analytics you often read CSVs or JSON, either manually parsing lines or using libraries like csv and json for structured access. You also write intermediate outputs, logs, or transformed datasets to disk so that downstream steps or stakeholders can inspect results. In a Tool hands-on round, emphasize the aspects most relevant to that format, such as brevity for screenings, code or queries for technical rounds, tool navigation for hands-on, structured thinking for case scenarios, and trade-offs or architecture for design discussions."
39,Python,File I/O,Case/Scenario,[Case/Scenario] Describe how you would read from and write to files in Python in the context of analytics.,"Python's built-in open function lets you read and write text and binary files using context managers to ensure proper closing. For analytics you often read CSVs or JSON, either manually parsing lines or using libraries like csv and json for structured access. You also write intermediate outputs, logs, or transformed datasets to disk so that downstream steps or stakeholders can inspect results. In a Case/Scenario round, emphasize the aspects most relevant to that format, such as brevity for screenings, code or queries for technical rounds, tool navigation for hands-on, structured thinking for case scenarios, and trade-offs or architecture for design discussions."
40,Python,File I/O,System/design discussion,[System/design discussion] Describe how you would read from and write to files in Python in the context of analytics.,"Python's built-in open function lets you read and write text and binary files using context managers to ensure proper closing. For analytics you often read CSVs or JSON, either manually parsing lines or using libraries like csv and json for structured access. You also write intermediate outputs, logs, or transformed datasets to disk so that downstream steps or stakeholders can inspect results. In a System/design discussion round, emphasize the aspects most relevant to that format, such as brevity for screenings, code or queries for technical rounds, tool navigation for hands-on, structured thinking for case scenarios, and trade-offs or architecture for design discussions."
41,Python,Error handling,Screening/MCQ,"[Screening/MCQ] How does exception handling work in Python, and how should you use try/except in data pipelines?","Python raises exceptions when runtime errors occur, and try/except blocks let you catch and handle them gracefully instead of crashing. In data pipelines you can catch file-not-found errors, type conversion failures, and API timeouts, then log the issue, skip problematic records, or trigger alerts. Carefully scoped except clauses and finally blocks for cleanup help you avoid hiding bugs while still making pipelines robust. In a Screening/MCQ round, emphasize the aspects most relevant to that format, such as brevity for screenings, code or queries for technical rounds, tool navigation for hands-on, structured thinking for case scenarios, and trade-offs or architecture for design discussions."
42,Python,Error handling,Technical coding,"[Technical coding] How does exception handling work in Python, and how should you use try/except in data pipelines?","Python raises exceptions when runtime errors occur, and try/except blocks let you catch and handle them gracefully instead of crashing. In data pipelines you can catch file-not-found errors, type conversion failures, and API timeouts, then log the issue, skip problematic records, or trigger alerts. Carefully scoped except clauses and finally blocks for cleanup help you avoid hiding bugs while still making pipelines robust. In a Technical coding round, emphasize the aspects most relevant to that format, such as brevity for screenings, code or queries for technical rounds, tool navigation for hands-on, structured thinking for case scenarios, and trade-offs or architecture for design discussions."
43,Python,Error handling,Tool hands-on,"[Tool hands-on] How does exception handling work in Python, and how should you use try/except in data pipelines?","Python raises exceptions when runtime errors occur, and try/except blocks let you catch and handle them gracefully instead of crashing. In data pipelines you can catch file-not-found errors, type conversion failures, and API timeouts, then log the issue, skip problematic records, or trigger alerts. Carefully scoped except clauses and finally blocks for cleanup help you avoid hiding bugs while still making pipelines robust. In a Tool hands-on round, emphasize the aspects most relevant to that format, such as brevity for screenings, code or queries for technical rounds, tool navigation for hands-on, structured thinking for case scenarios, and trade-offs or architecture for design discussions."
44,Python,Error handling,Case/Scenario,"[Case/Scenario] How does exception handling work in Python, and how should you use try/except in data pipelines?","Python raises exceptions when runtime errors occur, and try/except blocks let you catch and handle them gracefully instead of crashing. In data pipelines you can catch file-not-found errors, type conversion failures, and API timeouts, then log the issue, skip problematic records, or trigger alerts. Carefully scoped except clauses and finally blocks for cleanup help you avoid hiding bugs while still making pipelines robust. In a Case/Scenario round, emphasize the aspects most relevant to that format, such as brevity for screenings, code or queries for technical rounds, tool navigation for hands-on, structured thinking for case scenarios, and trade-offs or architecture for design discussions."
45,Python,Error handling,System/design discussion,"[System/design discussion] How does exception handling work in Python, and how should you use try/except in data pipelines?","Python raises exceptions when runtime errors occur, and try/except blocks let you catch and handle them gracefully instead of crashing. In data pipelines you can catch file-not-found errors, type conversion failures, and API timeouts, then log the issue, skip problematic records, or trigger alerts. Carefully scoped except clauses and finally blocks for cleanup help you avoid hiding bugs while still making pipelines robust. In a System/design discussion round, emphasize the aspects most relevant to that format, such as brevity for screenings, code or queries for technical rounds, tool navigation for hands-on, structured thinking for case scenarios, and trade-offs or architecture for design discussions."
46,Python,List comprehensions,Screening/MCQ,[Screening/MCQ] What are list comprehensions and how do they improve data transformation code?,"List comprehensions provide a concise syntax for constructing lists from iterables, optionally with filtering conditions. Instead of writing multiple lines with an empty list and appending in a loop, you can express transformations like extracting columns or applying functions in one readable expression. They often run faster than equivalent for-loops and reduce boilerplate, but you should avoid overly complex comprehensions that become hard to understand. In a Screening/MCQ round, emphasize the aspects most relevant to that format, such as brevity for screenings, code or queries for technical rounds, tool navigation for hands-on, structured thinking for case scenarios, and trade-offs or architecture for design discussions."
47,Python,List comprehensions,Technical coding,[Technical coding] What are list comprehensions and how do they improve data transformation code?,"List comprehensions provide a concise syntax for constructing lists from iterables, optionally with filtering conditions. Instead of writing multiple lines with an empty list and appending in a loop, you can express transformations like extracting columns or applying functions in one readable expression. They often run faster than equivalent for-loops and reduce boilerplate, but you should avoid overly complex comprehensions that become hard to understand. In a Technical coding round, emphasize the aspects most relevant to that format, such as brevity for screenings, code or queries for technical rounds, tool navigation for hands-on, structured thinking for case scenarios, and trade-offs or architecture for design discussions."
48,Python,List comprehensions,Tool hands-on,[Tool hands-on] What are list comprehensions and how do they improve data transformation code?,"List comprehensions provide a concise syntax for constructing lists from iterables, optionally with filtering conditions. Instead of writing multiple lines with an empty list and appending in a loop, you can express transformations like extracting columns or applying functions in one readable expression. They often run faster than equivalent for-loops and reduce boilerplate, but you should avoid overly complex comprehensions that become hard to understand. In a Tool hands-on round, emphasize the aspects most relevant to that format, such as brevity for screenings, code or queries for technical rounds, tool navigation for hands-on, structured thinking for case scenarios, and trade-offs or architecture for design discussions."
49,Python,List comprehensions,Case/Scenario,[Case/Scenario] What are list comprehensions and how do they improve data transformation code?,"List comprehensions provide a concise syntax for constructing lists from iterables, optionally with filtering conditions. Instead of writing multiple lines with an empty list and appending in a loop, you can express transformations like extracting columns or applying functions in one readable expression. They often run faster than equivalent for-loops and reduce boilerplate, but you should avoid overly complex comprehensions that become hard to understand. In a Case/Scenario round, emphasize the aspects most relevant to that format, such as brevity for screenings, code or queries for technical rounds, tool navigation for hands-on, structured thinking for case scenarios, and trade-offs or architecture for design discussions."
50,Python,List comprehensions,System/design discussion,[System/design discussion] What are list comprehensions and how do they improve data transformation code?,"List comprehensions provide a concise syntax for constructing lists from iterables, optionally with filtering conditions. Instead of writing multiple lines with an empty list and appending in a loop, you can express transformations like extracting columns or applying functions in one readable expression. They often run faster than equivalent for-loops and reduce boilerplate, but you should avoid overly complex comprehensions that become hard to understand. In a System/design discussion round, emphasize the aspects most relevant to that format, such as brevity for screenings, code or queries for technical rounds, tool navigation for hands-on, structured thinking for case scenarios, and trade-offs or architecture for design discussions."
51,Python,Generators,Screening/MCQ,[Screening/MCQ] Explain Python generators and when they are preferable to lists in analytics workloads.,"Generators are iterators defined via generator functions or generator expressions that yield items lazily, producing values on demand instead of storing them all in memory. For large datasets or streaming APIs, generators let you process one record at a time, reducing memory usage and enabling composition with other lazy operations. They are ideal for log processing, reading huge files, or building pipelines where each stage yields to the next. In a Screening/MCQ round, emphasize the aspects most relevant to that format, such as brevity for screenings, code or queries for technical rounds, tool navigation for hands-on, structured thinking for case scenarios, and trade-offs or architecture for design discussions."
52,Python,Generators,Technical coding,[Technical coding] Explain Python generators and when they are preferable to lists in analytics workloads.,"Generators are iterators defined via generator functions or generator expressions that yield items lazily, producing values on demand instead of storing them all in memory. For large datasets or streaming APIs, generators let you process one record at a time, reducing memory usage and enabling composition with other lazy operations. They are ideal for log processing, reading huge files, or building pipelines where each stage yields to the next. In a Technical coding round, emphasize the aspects most relevant to that format, such as brevity for screenings, code or queries for technical rounds, tool navigation for hands-on, structured thinking for case scenarios, and trade-offs or architecture for design discussions."
53,Python,Generators,Tool hands-on,[Tool hands-on] Explain Python generators and when they are preferable to lists in analytics workloads.,"Generators are iterators defined via generator functions or generator expressions that yield items lazily, producing values on demand instead of storing them all in memory. For large datasets or streaming APIs, generators let you process one record at a time, reducing memory usage and enabling composition with other lazy operations. They are ideal for log processing, reading huge files, or building pipelines where each stage yields to the next. In a Tool hands-on round, emphasize the aspects most relevant to that format, such as brevity for screenings, code or queries for technical rounds, tool navigation for hands-on, structured thinking for case scenarios, and trade-offs or architecture for design discussions."
54,Python,Generators,Case/Scenario,[Case/Scenario] Explain Python generators and when they are preferable to lists in analytics workloads.,"Generators are iterators defined via generator functions or generator expressions that yield items lazily, producing values on demand instead of storing them all in memory. For large datasets or streaming APIs, generators let you process one record at a time, reducing memory usage and enabling composition with other lazy operations. They are ideal for log processing, reading huge files, or building pipelines where each stage yields to the next. In a Case/Scenario round, emphasize the aspects most relevant to that format, such as brevity for screenings, code or queries for technical rounds, tool navigation for hands-on, structured thinking for case scenarios, and trade-offs or architecture for design discussions."
55,Python,Generators,System/design discussion,[System/design discussion] Explain Python generators and when they are preferable to lists in analytics workloads.,"Generators are iterators defined via generator functions or generator expressions that yield items lazily, producing values on demand instead of storing them all in memory. For large datasets or streaming APIs, generators let you process one record at a time, reducing memory usage and enabling composition with other lazy operations. They are ideal for log processing, reading huge files, or building pipelines where each stage yields to the next. In a System/design discussion round, emphasize the aspects most relevant to that format, such as brevity for screenings, code or queries for technical rounds, tool navigation for hands-on, structured thinking for case scenarios, and trade-offs or architecture for design discussions."
56,Python,Decorators,Screening/MCQ,[Screening/MCQ] What are decorators in Python and how might a data engineer or analyst use them?,"Decorators are functions that take another function and return a wrapped function, allowing you to add cross-cutting behavior without modifying the original code. In analytics and data engineering you can use decorators to add logging, timing, caching, or retry logic around data access or transformation functions. This helps you enforce consistent behaviors such as performance monitoring or error handling across many functions. In a Screening/MCQ round, emphasize the aspects most relevant to that format, such as brevity for screenings, code or queries for technical rounds, tool navigation for hands-on, structured thinking for case scenarios, and trade-offs or architecture for design discussions."
57,Python,Decorators,Technical coding,[Technical coding] What are decorators in Python and how might a data engineer or analyst use them?,"Decorators are functions that take another function and return a wrapped function, allowing you to add cross-cutting behavior without modifying the original code. In analytics and data engineering you can use decorators to add logging, timing, caching, or retry logic around data access or transformation functions. This helps you enforce consistent behaviors such as performance monitoring or error handling across many functions. In a Technical coding round, emphasize the aspects most relevant to that format, such as brevity for screenings, code or queries for technical rounds, tool navigation for hands-on, structured thinking for case scenarios, and trade-offs or architecture for design discussions."
58,Python,Decorators,Tool hands-on,[Tool hands-on] What are decorators in Python and how might a data engineer or analyst use them?,"Decorators are functions that take another function and return a wrapped function, allowing you to add cross-cutting behavior without modifying the original code. In analytics and data engineering you can use decorators to add logging, timing, caching, or retry logic around data access or transformation functions. This helps you enforce consistent behaviors such as performance monitoring or error handling across many functions. In a Tool hands-on round, emphasize the aspects most relevant to that format, such as brevity for screenings, code or queries for technical rounds, tool navigation for hands-on, structured thinking for case scenarios, and trade-offs or architecture for design discussions."
59,Python,Decorators,Case/Scenario,[Case/Scenario] What are decorators in Python and how might a data engineer or analyst use them?,"Decorators are functions that take another function and return a wrapped function, allowing you to add cross-cutting behavior without modifying the original code. In analytics and data engineering you can use decorators to add logging, timing, caching, or retry logic around data access or transformation functions. This helps you enforce consistent behaviors such as performance monitoring or error handling across many functions. In a Case/Scenario round, emphasize the aspects most relevant to that format, such as brevity for screenings, code or queries for technical rounds, tool navigation for hands-on, structured thinking for case scenarios, and trade-offs or architecture for design discussions."
60,Python,Decorators,System/design discussion,[System/design discussion] What are decorators in Python and how might a data engineer or analyst use them?,"Decorators are functions that take another function and return a wrapped function, allowing you to add cross-cutting behavior without modifying the original code. In analytics and data engineering you can use decorators to add logging, timing, caching, or retry logic around data access or transformation functions. This helps you enforce consistent behaviors such as performance monitoring or error handling across many functions. In a System/design discussion round, emphasize the aspects most relevant to that format, such as brevity for screenings, code or queries for technical rounds, tool navigation for hands-on, structured thinking for case scenarios, and trade-offs or architecture for design discussions."
61,Python,Context managers,Screening/MCQ,[Screening/MCQ] Describe context managers in Python and give data-related examples.,"Context managers implement the __enter__ and __exit__ protocol to manage resources such as files, database connections, or locks. The with statement automatically acquires and releases the resource, ensuring cleanup even when exceptions occur. Data analysts use context managers to handle file I/O, database transactions, and temporary configuration changes in a safe and concise way. In a Screening/MCQ round, emphasize the aspects most relevant to that format, such as brevity for screenings, code or queries for technical rounds, tool navigation for hands-on, structured thinking for case scenarios, and trade-offs or architecture for design discussions."
62,Python,Context managers,Technical coding,[Technical coding] Describe context managers in Python and give data-related examples.,"Context managers implement the __enter__ and __exit__ protocol to manage resources such as files, database connections, or locks. The with statement automatically acquires and releases the resource, ensuring cleanup even when exceptions occur. Data analysts use context managers to handle file I/O, database transactions, and temporary configuration changes in a safe and concise way. In a Technical coding round, emphasize the aspects most relevant to that format, such as brevity for screenings, code or queries for technical rounds, tool navigation for hands-on, structured thinking for case scenarios, and trade-offs or architecture for design discussions."
63,Python,Context managers,Tool hands-on,[Tool hands-on] Describe context managers in Python and give data-related examples.,"Context managers implement the __enter__ and __exit__ protocol to manage resources such as files, database connections, or locks. The with statement automatically acquires and releases the resource, ensuring cleanup even when exceptions occur. Data analysts use context managers to handle file I/O, database transactions, and temporary configuration changes in a safe and concise way. In a Tool hands-on round, emphasize the aspects most relevant to that format, such as brevity for screenings, code or queries for technical rounds, tool navigation for hands-on, structured thinking for case scenarios, and trade-offs or architecture for design discussions."
64,Python,Context managers,Case/Scenario,[Case/Scenario] Describe context managers in Python and give data-related examples.,"Context managers implement the __enter__ and __exit__ protocol to manage resources such as files, database connections, or locks. The with statement automatically acquires and releases the resource, ensuring cleanup even when exceptions occur. Data analysts use context managers to handle file I/O, database transactions, and temporary configuration changes in a safe and concise way. In a Case/Scenario round, emphasize the aspects most relevant to that format, such as brevity for screenings, code or queries for technical rounds, tool navigation for hands-on, structured thinking for case scenarios, and trade-offs or architecture for design discussions."
65,Python,Context managers,System/design discussion,[System/design discussion] Describe context managers in Python and give data-related examples.,"Context managers implement the __enter__ and __exit__ protocol to manage resources such as files, database connections, or locks. The with statement automatically acquires and releases the resource, ensuring cleanup even when exceptions occur. Data analysts use context managers to handle file I/O, database transactions, and temporary configuration changes in a safe and concise way. In a System/design discussion round, emphasize the aspects most relevant to that format, such as brevity for screenings, code or queries for technical rounds, tool navigation for hands-on, structured thinking for case scenarios, and trade-offs or architecture for design discussions."
66,Python,Pandas basics,Screening/MCQ,[Screening/MCQ] How would you explain pandas Series and DataFrame to a new data analyst?,"A pandas Series is a one-dimensional labeled array, similar to a column in a spreadsheet, while a DataFrame is a two-dimensional labeled table of Series. Data analysts use DataFrames to store tabular data, perform filtering, grouping, aggregation, and joins with concise, high-level operations. Understanding indexing, column selection, and basic methods like head, describe, groupby, and merge is foundational for effective pandas usage. In a Screening/MCQ round, emphasize the aspects most relevant to that format, such as brevity for screenings, code or queries for technical rounds, tool navigation for hands-on, structured thinking for case scenarios, and trade-offs or architecture for design discussions."
67,Python,Pandas basics,Technical coding,[Technical coding] How would you explain pandas Series and DataFrame to a new data analyst?,"A pandas Series is a one-dimensional labeled array, similar to a column in a spreadsheet, while a DataFrame is a two-dimensional labeled table of Series. Data analysts use DataFrames to store tabular data, perform filtering, grouping, aggregation, and joins with concise, high-level operations. Understanding indexing, column selection, and basic methods like head, describe, groupby, and merge is foundational for effective pandas usage. In a Technical coding round, emphasize the aspects most relevant to that format, such as brevity for screenings, code or queries for technical rounds, tool navigation for hands-on, structured thinking for case scenarios, and trade-offs or architecture for design discussions."
68,Python,Pandas basics,Tool hands-on,[Tool hands-on] How would you explain pandas Series and DataFrame to a new data analyst?,"A pandas Series is a one-dimensional labeled array, similar to a column in a spreadsheet, while a DataFrame is a two-dimensional labeled table of Series. Data analysts use DataFrames to store tabular data, perform filtering, grouping, aggregation, and joins with concise, high-level operations. Understanding indexing, column selection, and basic methods like head, describe, groupby, and merge is foundational for effective pandas usage. In a Tool hands-on round, emphasize the aspects most relevant to that format, such as brevity for screenings, code or queries for technical rounds, tool navigation for hands-on, structured thinking for case scenarios, and trade-offs or architecture for design discussions."
69,Python,Pandas basics,Case/Scenario,[Case/Scenario] How would you explain pandas Series and DataFrame to a new data analyst?,"A pandas Series is a one-dimensional labeled array, similar to a column in a spreadsheet, while a DataFrame is a two-dimensional labeled table of Series. Data analysts use DataFrames to store tabular data, perform filtering, grouping, aggregation, and joins with concise, high-level operations. Understanding indexing, column selection, and basic methods like head, describe, groupby, and merge is foundational for effective pandas usage. In a Case/Scenario round, emphasize the aspects most relevant to that format, such as brevity for screenings, code or queries for technical rounds, tool navigation for hands-on, structured thinking for case scenarios, and trade-offs or architecture for design discussions."
70,Python,Pandas basics,System/design discussion,[System/design discussion] How would you explain pandas Series and DataFrame to a new data analyst?,"A pandas Series is a one-dimensional labeled array, similar to a column in a spreadsheet, while a DataFrame is a two-dimensional labeled table of Series. Data analysts use DataFrames to store tabular data, perform filtering, grouping, aggregation, and joins with concise, high-level operations. Understanding indexing, column selection, and basic methods like head, describe, groupby, and merge is foundational for effective pandas usage. In a System/design discussion round, emphasize the aspects most relevant to that format, such as brevity for screenings, code or queries for technical rounds, tool navigation for hands-on, structured thinking for case scenarios, and trade-offs or architecture for design discussions."
71,Python,Pandas data cleaning,Screening/MCQ,[Screening/MCQ] Describe common pandas techniques for cleaning messy data.,"Common cleaning steps include handling missing values with fillna or dropna, converting dtypes, trimming whitespace, and normalizing categorical labels. You might use apply or vectorized string and datetime methods to standardize formats and create new features. Combining these operations in pipelines lets you go from raw CSV exports to clean, analysis-ready datasets. In a Screening/MCQ round, emphasize the aspects most relevant to that format, such as brevity for screenings, code or queries for technical rounds, tool navigation for hands-on, structured thinking for case scenarios, and trade-offs or architecture for design discussions."
72,Python,Pandas data cleaning,Technical coding,[Technical coding] Describe common pandas techniques for cleaning messy data.,"Common cleaning steps include handling missing values with fillna or dropna, converting dtypes, trimming whitespace, and normalizing categorical labels. You might use apply or vectorized string and datetime methods to standardize formats and create new features. Combining these operations in pipelines lets you go from raw CSV exports to clean, analysis-ready datasets. In a Technical coding round, emphasize the aspects most relevant to that format, such as brevity for screenings, code or queries for technical rounds, tool navigation for hands-on, structured thinking for case scenarios, and trade-offs or architecture for design discussions."
73,Python,Pandas data cleaning,Tool hands-on,[Tool hands-on] Describe common pandas techniques for cleaning messy data.,"Common cleaning steps include handling missing values with fillna or dropna, converting dtypes, trimming whitespace, and normalizing categorical labels. You might use apply or vectorized string and datetime methods to standardize formats and create new features. Combining these operations in pipelines lets you go from raw CSV exports to clean, analysis-ready datasets. In a Tool hands-on round, emphasize the aspects most relevant to that format, such as brevity for screenings, code or queries for technical rounds, tool navigation for hands-on, structured thinking for case scenarios, and trade-offs or architecture for design discussions."
74,Python,Pandas data cleaning,Case/Scenario,[Case/Scenario] Describe common pandas techniques for cleaning messy data.,"Common cleaning steps include handling missing values with fillna or dropna, converting dtypes, trimming whitespace, and normalizing categorical labels. You might use apply or vectorized string and datetime methods to standardize formats and create new features. Combining these operations in pipelines lets you go from raw CSV exports to clean, analysis-ready datasets. In a Case/Scenario round, emphasize the aspects most relevant to that format, such as brevity for screenings, code or queries for technical rounds, tool navigation for hands-on, structured thinking for case scenarios, and trade-offs or architecture for design discussions."
75,Python,Pandas data cleaning,System/design discussion,[System/design discussion] Describe common pandas techniques for cleaning messy data.,"Common cleaning steps include handling missing values with fillna or dropna, converting dtypes, trimming whitespace, and normalizing categorical labels. You might use apply or vectorized string and datetime methods to standardize formats and create new features. Combining these operations in pipelines lets you go from raw CSV exports to clean, analysis-ready datasets. In a System/design discussion round, emphasize the aspects most relevant to that format, such as brevity for screenings, code or queries for technical rounds, tool navigation for hands-on, structured thinking for case scenarios, and trade-offs or architecture for design discussions."
76,Python,Pandas joins,Screening/MCQ,"[Screening/MCQ] How do you join two tables with pandas, and what join types are available?","Pandas offers merge for SQL-like joins and join for index-based operations, supporting inner, left, right, and outer joins. You specify keys such as customer_id or date, select the desired how parameter, and optionally manage suffixes for overlapping column names. Choosing the correct join type is crucial for avoiding lost records or unintended duplications when combining datasets. In a Screening/MCQ round, emphasize the aspects most relevant to that format, such as brevity for screenings, code or queries for technical rounds, tool navigation for hands-on, structured thinking for case scenarios, and trade-offs or architecture for design discussions."
77,Python,Pandas joins,Technical coding,"[Technical coding] How do you join two tables with pandas, and what join types are available?","Pandas offers merge for SQL-like joins and join for index-based operations, supporting inner, left, right, and outer joins. You specify keys such as customer_id or date, select the desired how parameter, and optionally manage suffixes for overlapping column names. Choosing the correct join type is crucial for avoiding lost records or unintended duplications when combining datasets. In a Technical coding round, emphasize the aspects most relevant to that format, such as brevity for screenings, code or queries for technical rounds, tool navigation for hands-on, structured thinking for case scenarios, and trade-offs or architecture for design discussions."
78,Python,Pandas joins,Tool hands-on,"[Tool hands-on] How do you join two tables with pandas, and what join types are available?","Pandas offers merge for SQL-like joins and join for index-based operations, supporting inner, left, right, and outer joins. You specify keys such as customer_id or date, select the desired how parameter, and optionally manage suffixes for overlapping column names. Choosing the correct join type is crucial for avoiding lost records or unintended duplications when combining datasets. In a Tool hands-on round, emphasize the aspects most relevant to that format, such as brevity for screenings, code or queries for technical rounds, tool navigation for hands-on, structured thinking for case scenarios, and trade-offs or architecture for design discussions."
79,Python,Pandas joins,Case/Scenario,"[Case/Scenario] How do you join two tables with pandas, and what join types are available?","Pandas offers merge for SQL-like joins and join for index-based operations, supporting inner, left, right, and outer joins. You specify keys such as customer_id or date, select the desired how parameter, and optionally manage suffixes for overlapping column names. Choosing the correct join type is crucial for avoiding lost records or unintended duplications when combining datasets. In a Case/Scenario round, emphasize the aspects most relevant to that format, such as brevity for screenings, code or queries for technical rounds, tool navigation for hands-on, structured thinking for case scenarios, and trade-offs or architecture for design discussions."
80,Python,Pandas joins,System/design discussion,"[System/design discussion] How do you join two tables with pandas, and what join types are available?","Pandas offers merge for SQL-like joins and join for index-based operations, supporting inner, left, right, and outer joins. You specify keys such as customer_id or date, select the desired how parameter, and optionally manage suffixes for overlapping column names. Choosing the correct join type is crucial for avoiding lost records or unintended duplications when combining datasets. In a System/design discussion round, emphasize the aspects most relevant to that format, such as brevity for screenings, code or queries for technical rounds, tool navigation for hands-on, structured thinking for case scenarios, and trade-offs or architecture for design discussions."
81,Python,Pandas groupby,Screening/MCQ,[Screening/MCQ] Explain pandas groupby and give analytics examples.,"Groupby splits a DataFrame into groups based on key columns, applies an aggregation or transformation to each group, then combines the results. Analysts use groupby to compute metrics like average order value per customer, daily active users per country, or conversion rate per marketing channel. Understanding aggregation functions, multi-level group keys, and resetting indexes is key to interpreting outputs correctly. In a Screening/MCQ round, emphasize the aspects most relevant to that format, such as brevity for screenings, code or queries for technical rounds, tool navigation for hands-on, structured thinking for case scenarios, and trade-offs or architecture for design discussions."
82,Python,Pandas groupby,Technical coding,[Technical coding] Explain pandas groupby and give analytics examples.,"Groupby splits a DataFrame into groups based on key columns, applies an aggregation or transformation to each group, then combines the results. Analysts use groupby to compute metrics like average order value per customer, daily active users per country, or conversion rate per marketing channel. Understanding aggregation functions, multi-level group keys, and resetting indexes is key to interpreting outputs correctly. In a Technical coding round, emphasize the aspects most relevant to that format, such as brevity for screenings, code or queries for technical rounds, tool navigation for hands-on, structured thinking for case scenarios, and trade-offs or architecture for design discussions."
83,Python,Pandas groupby,Tool hands-on,[Tool hands-on] Explain pandas groupby and give analytics examples.,"Groupby splits a DataFrame into groups based on key columns, applies an aggregation or transformation to each group, then combines the results. Analysts use groupby to compute metrics like average order value per customer, daily active users per country, or conversion rate per marketing channel. Understanding aggregation functions, multi-level group keys, and resetting indexes is key to interpreting outputs correctly. In a Tool hands-on round, emphasize the aspects most relevant to that format, such as brevity for screenings, code or queries for technical rounds, tool navigation for hands-on, structured thinking for case scenarios, and trade-offs or architecture for design discussions."
84,Python,Pandas groupby,Case/Scenario,[Case/Scenario] Explain pandas groupby and give analytics examples.,"Groupby splits a DataFrame into groups based on key columns, applies an aggregation or transformation to each group, then combines the results. Analysts use groupby to compute metrics like average order value per customer, daily active users per country, or conversion rate per marketing channel. Understanding aggregation functions, multi-level group keys, and resetting indexes is key to interpreting outputs correctly. In a Case/Scenario round, emphasize the aspects most relevant to that format, such as brevity for screenings, code or queries for technical rounds, tool navigation for hands-on, structured thinking for case scenarios, and trade-offs or architecture for design discussions."
85,Python,Pandas groupby,System/design discussion,[System/design discussion] Explain pandas groupby and give analytics examples.,"Groupby splits a DataFrame into groups based on key columns, applies an aggregation or transformation to each group, then combines the results. Analysts use groupby to compute metrics like average order value per customer, daily active users per country, or conversion rate per marketing channel. Understanding aggregation functions, multi-level group keys, and resetting indexes is key to interpreting outputs correctly. In a System/design discussion round, emphasize the aspects most relevant to that format, such as brevity for screenings, code or queries for technical rounds, tool navigation for hands-on, structured thinking for case scenarios, and trade-offs or architecture for design discussions."
86,Python,Pandas time series,Screening/MCQ,[Screening/MCQ] How would you handle time series data in pandas?,"Time series analysis begins with parsing dates into datetime types and setting them as indexes or columns. Pandas supports resampling (e.g., daily to monthly), rolling-window calculations, and time-based slicing to compute trends, moving averages, and seasonality metrics. Proper timezone handling and awareness of missing timestamps are important to avoid misleading analyses. In a Screening/MCQ round, emphasize the aspects most relevant to that format, such as brevity for screenings, code or queries for technical rounds, tool navigation for hands-on, structured thinking for case scenarios, and trade-offs or architecture for design discussions."
87,Python,Pandas time series,Technical coding,[Technical coding] How would you handle time series data in pandas?,"Time series analysis begins with parsing dates into datetime types and setting them as indexes or columns. Pandas supports resampling (e.g., daily to monthly), rolling-window calculations, and time-based slicing to compute trends, moving averages, and seasonality metrics. Proper timezone handling and awareness of missing timestamps are important to avoid misleading analyses. In a Technical coding round, emphasize the aspects most relevant to that format, such as brevity for screenings, code or queries for technical rounds, tool navigation for hands-on, structured thinking for case scenarios, and trade-offs or architecture for design discussions."
88,Python,Pandas time series,Tool hands-on,[Tool hands-on] How would you handle time series data in pandas?,"Time series analysis begins with parsing dates into datetime types and setting them as indexes or columns. Pandas supports resampling (e.g., daily to monthly), rolling-window calculations, and time-based slicing to compute trends, moving averages, and seasonality metrics. Proper timezone handling and awareness of missing timestamps are important to avoid misleading analyses. In a Tool hands-on round, emphasize the aspects most relevant to that format, such as brevity for screenings, code or queries for technical rounds, tool navigation for hands-on, structured thinking for case scenarios, and trade-offs or architecture for design discussions."
89,Python,Pandas time series,Case/Scenario,[Case/Scenario] How would you handle time series data in pandas?,"Time series analysis begins with parsing dates into datetime types and setting them as indexes or columns. Pandas supports resampling (e.g., daily to monthly), rolling-window calculations, and time-based slicing to compute trends, moving averages, and seasonality metrics. Proper timezone handling and awareness of missing timestamps are important to avoid misleading analyses. In a Case/Scenario round, emphasize the aspects most relevant to that format, such as brevity for screenings, code or queries for technical rounds, tool navigation for hands-on, structured thinking for case scenarios, and trade-offs or architecture for design discussions."
90,Python,Pandas time series,System/design discussion,[System/design discussion] How would you handle time series data in pandas?,"Time series analysis begins with parsing dates into datetime types and setting them as indexes or columns. Pandas supports resampling (e.g., daily to monthly), rolling-window calculations, and time-based slicing to compute trends, moving averages, and seasonality metrics. Proper timezone handling and awareness of missing timestamps are important to avoid misleading analyses. In a System/design discussion round, emphasize the aspects most relevant to that format, such as brevity for screenings, code or queries for technical rounds, tool navigation for hands-on, structured thinking for case scenarios, and trade-offs or architecture for design discussions."
91,Python,Logging,Screening/MCQ,"[Screening/MCQ] Why is logging important in Python data scripts, and how would you implement it?","Logging records events, errors, and performance information, providing visibility into how scripts behave in production. Using the built-in logging module, you can define loggers, handlers, and formats to capture messages at different severity levels to files or monitoring systems. Structured logs that include dataset identifiers, counts, and timings help you debug data issues and measure pipeline health. In a Screening/MCQ round, emphasize the aspects most relevant to that format, such as brevity for screenings, code or queries for technical rounds, tool navigation for hands-on, structured thinking for case scenarios, and trade-offs or architecture for design discussions."
92,Python,Logging,Technical coding,"[Technical coding] Why is logging important in Python data scripts, and how would you implement it?","Logging records events, errors, and performance information, providing visibility into how scripts behave in production. Using the built-in logging module, you can define loggers, handlers, and formats to capture messages at different severity levels to files or monitoring systems. Structured logs that include dataset identifiers, counts, and timings help you debug data issues and measure pipeline health. In a Technical coding round, emphasize the aspects most relevant to that format, such as brevity for screenings, code or queries for technical rounds, tool navigation for hands-on, structured thinking for case scenarios, and trade-offs or architecture for design discussions."
93,Python,Logging,Tool hands-on,"[Tool hands-on] Why is logging important in Python data scripts, and how would you implement it?","Logging records events, errors, and performance information, providing visibility into how scripts behave in production. Using the built-in logging module, you can define loggers, handlers, and formats to capture messages at different severity levels to files or monitoring systems. Structured logs that include dataset identifiers, counts, and timings help you debug data issues and measure pipeline health. In a Tool hands-on round, emphasize the aspects most relevant to that format, such as brevity for screenings, code or queries for technical rounds, tool navigation for hands-on, structured thinking for case scenarios, and trade-offs or architecture for design discussions."
94,Python,Logging,Case/Scenario,"[Case/Scenario] Why is logging important in Python data scripts, and how would you implement it?","Logging records events, errors, and performance information, providing visibility into how scripts behave in production. Using the built-in logging module, you can define loggers, handlers, and formats to capture messages at different severity levels to files or monitoring systems. Structured logs that include dataset identifiers, counts, and timings help you debug data issues and measure pipeline health. In a Case/Scenario round, emphasize the aspects most relevant to that format, such as brevity for screenings, code or queries for technical rounds, tool navigation for hands-on, structured thinking for case scenarios, and trade-offs or architecture for design discussions."
95,Python,Logging,System/design discussion,"[System/design discussion] Why is logging important in Python data scripts, and how would you implement it?","Logging records events, errors, and performance information, providing visibility into how scripts behave in production. Using the built-in logging module, you can define loggers, handlers, and formats to capture messages at different severity levels to files or monitoring systems. Structured logs that include dataset identifiers, counts, and timings help you debug data issues and measure pipeline health. In a System/design discussion round, emphasize the aspects most relevant to that format, such as brevity for screenings, code or queries for technical rounds, tool navigation for hands-on, structured thinking for case scenarios, and trade-offs or architecture for design discussions."
96,Python,Unit testing,Screening/MCQ,[Screening/MCQ] How would you approach unit testing for Python data-transformation functions?,"Unit tests validate that small pieces of code behave as expected given known inputs and outputs. For data transformations you can create small, representative DataFrames and assert that the function returns the correct cleaned or aggregated results, including edge cases. Using frameworks like pytest and keeping tests close to code ensures changes do not silently break analytics logic. In a Screening/MCQ round, emphasize the aspects most relevant to that format, such as brevity for screenings, code or queries for technical rounds, tool navigation for hands-on, structured thinking for case scenarios, and trade-offs or architecture for design discussions."
97,Python,Unit testing,Technical coding,[Technical coding] How would you approach unit testing for Python data-transformation functions?,"Unit tests validate that small pieces of code behave as expected given known inputs and outputs. For data transformations you can create small, representative DataFrames and assert that the function returns the correct cleaned or aggregated results, including edge cases. Using frameworks like pytest and keeping tests close to code ensures changes do not silently break analytics logic. In a Technical coding round, emphasize the aspects most relevant to that format, such as brevity for screenings, code or queries for technical rounds, tool navigation for hands-on, structured thinking for case scenarios, and trade-offs or architecture for design discussions."
98,Python,Unit testing,Tool hands-on,[Tool hands-on] How would you approach unit testing for Python data-transformation functions?,"Unit tests validate that small pieces of code behave as expected given known inputs and outputs. For data transformations you can create small, representative DataFrames and assert that the function returns the correct cleaned or aggregated results, including edge cases. Using frameworks like pytest and keeping tests close to code ensures changes do not silently break analytics logic. In a Tool hands-on round, emphasize the aspects most relevant to that format, such as brevity for screenings, code or queries for technical rounds, tool navigation for hands-on, structured thinking for case scenarios, and trade-offs or architecture for design discussions."
99,Python,Unit testing,Case/Scenario,[Case/Scenario] How would you approach unit testing for Python data-transformation functions?,"Unit tests validate that small pieces of code behave as expected given known inputs and outputs. For data transformations you can create small, representative DataFrames and assert that the function returns the correct cleaned or aggregated results, including edge cases. Using frameworks like pytest and keeping tests close to code ensures changes do not silently break analytics logic. In a Case/Scenario round, emphasize the aspects most relevant to that format, such as brevity for screenings, code or queries for technical rounds, tool navigation for hands-on, structured thinking for case scenarios, and trade-offs or architecture for design discussions."
100,Python,Unit testing,System/design discussion,[System/design discussion] How would you approach unit testing for Python data-transformation functions?,"Unit tests validate that small pieces of code behave as expected given known inputs and outputs. For data transformations you can create small, representative DataFrames and assert that the function returns the correct cleaned or aggregated results, including edge cases. Using frameworks like pytest and keeping tests close to code ensures changes do not silently break analytics logic. In a System/design discussion round, emphasize the aspects most relevant to that format, such as brevity for screenings, code or queries for technical rounds, tool navigation for hands-on, structured thinking for case scenarios, and trade-offs or architecture for design discussions."
101,Python,Performance optimization,Screening/MCQ,[Screening/MCQ] What strategies exist for optimizing Python data-processing performance?,"Optimization often starts with profiling to find bottlenecks, then using vectorized operations in numpy/pandas instead of pure Python loops. You can also leverage multiprocessing, efficient I/O formats like parquet, caching, and using compiled libraries for heavy numeric work. Clean algorithmic choices, such as avoiding repeated scans of large datasets, often provide the biggest speedups. In a Screening/MCQ round, emphasize the aspects most relevant to that format, such as brevity for screenings, code or queries for technical rounds, tool navigation for hands-on, structured thinking for case scenarios, and trade-offs or architecture for design discussions."
102,Python,Performance optimization,Technical coding,[Technical coding] What strategies exist for optimizing Python data-processing performance?,"Optimization often starts with profiling to find bottlenecks, then using vectorized operations in numpy/pandas instead of pure Python loops. You can also leverage multiprocessing, efficient I/O formats like parquet, caching, and using compiled libraries for heavy numeric work. Clean algorithmic choices, such as avoiding repeated scans of large datasets, often provide the biggest speedups. In a Technical coding round, emphasize the aspects most relevant to that format, such as brevity for screenings, code or queries for technical rounds, tool navigation for hands-on, structured thinking for case scenarios, and trade-offs or architecture for design discussions."
103,Python,Performance optimization,Tool hands-on,[Tool hands-on] What strategies exist for optimizing Python data-processing performance?,"Optimization often starts with profiling to find bottlenecks, then using vectorized operations in numpy/pandas instead of pure Python loops. You can also leverage multiprocessing, efficient I/O formats like parquet, caching, and using compiled libraries for heavy numeric work. Clean algorithmic choices, such as avoiding repeated scans of large datasets, often provide the biggest speedups. In a Tool hands-on round, emphasize the aspects most relevant to that format, such as brevity for screenings, code or queries for technical rounds, tool navigation for hands-on, structured thinking for case scenarios, and trade-offs or architecture for design discussions."
104,Python,Performance optimization,Case/Scenario,[Case/Scenario] What strategies exist for optimizing Python data-processing performance?,"Optimization often starts with profiling to find bottlenecks, then using vectorized operations in numpy/pandas instead of pure Python loops. You can also leverage multiprocessing, efficient I/O formats like parquet, caching, and using compiled libraries for heavy numeric work. Clean algorithmic choices, such as avoiding repeated scans of large datasets, often provide the biggest speedups. In a Case/Scenario round, emphasize the aspects most relevant to that format, such as brevity for screenings, code or queries for technical rounds, tool navigation for hands-on, structured thinking for case scenarios, and trade-offs or architecture for design discussions."
105,Python,Performance optimization,System/design discussion,[System/design discussion] What strategies exist for optimizing Python data-processing performance?,"Optimization often starts with profiling to find bottlenecks, then using vectorized operations in numpy/pandas instead of pure Python loops. You can also leverage multiprocessing, efficient I/O formats like parquet, caching, and using compiled libraries for heavy numeric work. Clean algorithmic choices, such as avoiding repeated scans of large datasets, often provide the biggest speedups. In a System/design discussion round, emphasize the aspects most relevant to that format, such as brevity for screenings, code or queries for technical rounds, tool navigation for hands-on, structured thinking for case scenarios, and trade-offs or architecture for design discussions."
106,Python,Interfacing with SQL,Screening/MCQ,[Screening/MCQ] How would you connect Python to a SQL database and use it in analytics workflows?,"You can connect using drivers like psycopg2 or pyodbc directly, or higher-level libraries such as SQLAlchemy and pandas' read_sql functions. Python scripts or notebooks can run parameterized queries, load results into DataFrames, and push processed data back to the database. This integration lets analysts prototype logic in Python while still leveraging the database for storage and heavy joins. In a Screening/MCQ round, emphasize the aspects most relevant to that format, such as brevity for screenings, code or queries for technical rounds, tool navigation for hands-on, structured thinking for case scenarios, and trade-offs or architecture for design discussions."
107,Python,Interfacing with SQL,Technical coding,[Technical coding] How would you connect Python to a SQL database and use it in analytics workflows?,"You can connect using drivers like psycopg2 or pyodbc directly, or higher-level libraries such as SQLAlchemy and pandas' read_sql functions. Python scripts or notebooks can run parameterized queries, load results into DataFrames, and push processed data back to the database. This integration lets analysts prototype logic in Python while still leveraging the database for storage and heavy joins. In a Technical coding round, emphasize the aspects most relevant to that format, such as brevity for screenings, code or queries for technical rounds, tool navigation for hands-on, structured thinking for case scenarios, and trade-offs or architecture for design discussions."
108,Python,Interfacing with SQL,Tool hands-on,[Tool hands-on] How would you connect Python to a SQL database and use it in analytics workflows?,"You can connect using drivers like psycopg2 or pyodbc directly, or higher-level libraries such as SQLAlchemy and pandas' read_sql functions. Python scripts or notebooks can run parameterized queries, load results into DataFrames, and push processed data back to the database. This integration lets analysts prototype logic in Python while still leveraging the database for storage and heavy joins. In a Tool hands-on round, emphasize the aspects most relevant to that format, such as brevity for screenings, code or queries for technical rounds, tool navigation for hands-on, structured thinking for case scenarios, and trade-offs or architecture for design discussions."
109,Python,Interfacing with SQL,Case/Scenario,[Case/Scenario] How would you connect Python to a SQL database and use it in analytics workflows?,"You can connect using drivers like psycopg2 or pyodbc directly, or higher-level libraries such as SQLAlchemy and pandas' read_sql functions. Python scripts or notebooks can run parameterized queries, load results into DataFrames, and push processed data back to the database. This integration lets analysts prototype logic in Python while still leveraging the database for storage and heavy joins. In a Case/Scenario round, emphasize the aspects most relevant to that format, such as brevity for screenings, code or queries for technical rounds, tool navigation for hands-on, structured thinking for case scenarios, and trade-offs or architecture for design discussions."
110,Python,Interfacing with SQL,System/design discussion,[System/design discussion] How would you connect Python to a SQL database and use it in analytics workflows?,"You can connect using drivers like psycopg2 or pyodbc directly, or higher-level libraries such as SQLAlchemy and pandas' read_sql functions. Python scripts or notebooks can run parameterized queries, load results into DataFrames, and push processed data back to the database. This integration lets analysts prototype logic in Python while still leveraging the database for storage and heavy joins. In a System/design discussion round, emphasize the aspects most relevant to that format, such as brevity for screenings, code or queries for technical rounds, tool navigation for hands-on, structured thinking for case scenarios, and trade-offs or architecture for design discussions."
111,Python,APIs and JSON,Screening/MCQ,[Screening/MCQ] Explain how Python can consume APIs returning JSON for analytics tasks.,"Using requests or httpx, Python can call REST APIs, handle authentication, and parse JSON responses with the json module or pandas' json_normalize. Analysts might pull metrics from web analytics tools, CRMs, or data platforms, then flatten nested JSON into tabular structures for reporting. Proper error handling, rate limiting, and pagination logic are important for reliable data collection. In a Screening/MCQ round, emphasize the aspects most relevant to that format, such as brevity for screenings, code or queries for technical rounds, tool navigation for hands-on, structured thinking for case scenarios, and trade-offs or architecture for design discussions."
112,Python,APIs and JSON,Technical coding,[Technical coding] Explain how Python can consume APIs returning JSON for analytics tasks.,"Using requests or httpx, Python can call REST APIs, handle authentication, and parse JSON responses with the json module or pandas' json_normalize. Analysts might pull metrics from web analytics tools, CRMs, or data platforms, then flatten nested JSON into tabular structures for reporting. Proper error handling, rate limiting, and pagination logic are important for reliable data collection. In a Technical coding round, emphasize the aspects most relevant to that format, such as brevity for screenings, code or queries for technical rounds, tool navigation for hands-on, structured thinking for case scenarios, and trade-offs or architecture for design discussions."
113,Python,APIs and JSON,Tool hands-on,[Tool hands-on] Explain how Python can consume APIs returning JSON for analytics tasks.,"Using requests or httpx, Python can call REST APIs, handle authentication, and parse JSON responses with the json module or pandas' json_normalize. Analysts might pull metrics from web analytics tools, CRMs, or data platforms, then flatten nested JSON into tabular structures for reporting. Proper error handling, rate limiting, and pagination logic are important for reliable data collection. In a Tool hands-on round, emphasize the aspects most relevant to that format, such as brevity for screenings, code or queries for technical rounds, tool navigation for hands-on, structured thinking for case scenarios, and trade-offs or architecture for design discussions."
114,Python,APIs and JSON,Case/Scenario,[Case/Scenario] Explain how Python can consume APIs returning JSON for analytics tasks.,"Using requests or httpx, Python can call REST APIs, handle authentication, and parse JSON responses with the json module or pandas' json_normalize. Analysts might pull metrics from web analytics tools, CRMs, or data platforms, then flatten nested JSON into tabular structures for reporting. Proper error handling, rate limiting, and pagination logic are important for reliable data collection. In a Case/Scenario round, emphasize the aspects most relevant to that format, such as brevity for screenings, code or queries for technical rounds, tool navigation for hands-on, structured thinking for case scenarios, and trade-offs or architecture for design discussions."
115,Python,APIs and JSON,System/design discussion,[System/design discussion] Explain how Python can consume APIs returning JSON for analytics tasks.,"Using requests or httpx, Python can call REST APIs, handle authentication, and parse JSON responses with the json module or pandas' json_normalize. Analysts might pull metrics from web analytics tools, CRMs, or data platforms, then flatten nested JSON into tabular structures for reporting. Proper error handling, rate limiting, and pagination logic are important for reliable data collection. In a System/design discussion round, emphasize the aspects most relevant to that format, such as brevity for screenings, code or queries for technical rounds, tool navigation for hands-on, structured thinking for case scenarios, and trade-offs or architecture for design discussions."
116,SQL,SELECT and WHERE,Screening/MCQ,[Screening/MCQ] Explain the role of SELECT and WHERE clauses and how they interact in queries.,"SELECT chooses which columns or expressions to return from a table, while WHERE filters rows based on Boolean conditions. In analytics, you use SELECT to project only needed attributes and WHERE to focus on relevant subsets, such as active customers or a date range. Understanding predicate logic and how WHERE executes before aggregation prevents mistakes like filtering on aggregated values incorrectly. In a Screening/MCQ round, emphasize the aspects most relevant to that format, such as brevity for screenings, code or queries for technical rounds, tool navigation for hands-on, structured thinking for case scenarios, and trade-offs or architecture for design discussions."
117,SQL,SELECT and WHERE,Technical coding,[Technical coding] Explain the role of SELECT and WHERE clauses and how they interact in queries.,"SELECT chooses which columns or expressions to return from a table, while WHERE filters rows based on Boolean conditions. In analytics, you use SELECT to project only needed attributes and WHERE to focus on relevant subsets, such as active customers or a date range. Understanding predicate logic and how WHERE executes before aggregation prevents mistakes like filtering on aggregated values incorrectly. In a Technical coding round, emphasize the aspects most relevant to that format, such as brevity for screenings, code or queries for technical rounds, tool navigation for hands-on, structured thinking for case scenarios, and trade-offs or architecture for design discussions."
118,SQL,SELECT and WHERE,Tool hands-on,[Tool hands-on] Explain the role of SELECT and WHERE clauses and how they interact in queries.,"SELECT chooses which columns or expressions to return from a table, while WHERE filters rows based on Boolean conditions. In analytics, you use SELECT to project only needed attributes and WHERE to focus on relevant subsets, such as active customers or a date range. Understanding predicate logic and how WHERE executes before aggregation prevents mistakes like filtering on aggregated values incorrectly. In a Tool hands-on round, emphasize the aspects most relevant to that format, such as brevity for screenings, code or queries for technical rounds, tool navigation for hands-on, structured thinking for case scenarios, and trade-offs or architecture for design discussions."
119,SQL,SELECT and WHERE,Case/Scenario,[Case/Scenario] Explain the role of SELECT and WHERE clauses and how they interact in queries.,"SELECT chooses which columns or expressions to return from a table, while WHERE filters rows based on Boolean conditions. In analytics, you use SELECT to project only needed attributes and WHERE to focus on relevant subsets, such as active customers or a date range. Understanding predicate logic and how WHERE executes before aggregation prevents mistakes like filtering on aggregated values incorrectly. In a Case/Scenario round, emphasize the aspects most relevant to that format, such as brevity for screenings, code or queries for technical rounds, tool navigation for hands-on, structured thinking for case scenarios, and trade-offs or architecture for design discussions."
120,SQL,SELECT and WHERE,System/design discussion,[System/design discussion] Explain the role of SELECT and WHERE clauses and how they interact in queries.,"SELECT chooses which columns or expressions to return from a table, while WHERE filters rows based on Boolean conditions. In analytics, you use SELECT to project only needed attributes and WHERE to focus on relevant subsets, such as active customers or a date range. Understanding predicate logic and how WHERE executes before aggregation prevents mistakes like filtering on aggregated values incorrectly. In a System/design discussion round, emphasize the aspects most relevant to that format, such as brevity for screenings, code or queries for technical rounds, tool navigation for hands-on, structured thinking for case scenarios, and trade-offs or architecture for design discussions."
121,SQL,ORDER BY and LIMIT,Screening/MCQ,[Screening/MCQ] How do ORDER BY and LIMIT help answer ranking-style questions in analytics?,"ORDER BY sorts result sets based on one or more columns, ascending or descending, letting you see top or bottom performers. LIMIT (or TOP/FETCH) restricts the number of rows returned, which is useful for questions like top 10 products or worst 5 campaigns. Combined, they enable simple exploratory analysis and efficient dashboards without pulling unnecessary data. In a Screening/MCQ round, emphasize the aspects most relevant to that format, such as brevity for screenings, code or queries for technical rounds, tool navigation for hands-on, structured thinking for case scenarios, and trade-offs or architecture for design discussions."
122,SQL,ORDER BY and LIMIT,Technical coding,[Technical coding] How do ORDER BY and LIMIT help answer ranking-style questions in analytics?,"ORDER BY sorts result sets based on one or more columns, ascending or descending, letting you see top or bottom performers. LIMIT (or TOP/FETCH) restricts the number of rows returned, which is useful for questions like top 10 products or worst 5 campaigns. Combined, they enable simple exploratory analysis and efficient dashboards without pulling unnecessary data. In a Technical coding round, emphasize the aspects most relevant to that format, such as brevity for screenings, code or queries for technical rounds, tool navigation for hands-on, structured thinking for case scenarios, and trade-offs or architecture for design discussions."
123,SQL,ORDER BY and LIMIT,Tool hands-on,[Tool hands-on] How do ORDER BY and LIMIT help answer ranking-style questions in analytics?,"ORDER BY sorts result sets based on one or more columns, ascending or descending, letting you see top or bottom performers. LIMIT (or TOP/FETCH) restricts the number of rows returned, which is useful for questions like top 10 products or worst 5 campaigns. Combined, they enable simple exploratory analysis and efficient dashboards without pulling unnecessary data. In a Tool hands-on round, emphasize the aspects most relevant to that format, such as brevity for screenings, code or queries for technical rounds, tool navigation for hands-on, structured thinking for case scenarios, and trade-offs or architecture for design discussions."
124,SQL,ORDER BY and LIMIT,Case/Scenario,[Case/Scenario] How do ORDER BY and LIMIT help answer ranking-style questions in analytics?,"ORDER BY sorts result sets based on one or more columns, ascending or descending, letting you see top or bottom performers. LIMIT (or TOP/FETCH) restricts the number of rows returned, which is useful for questions like top 10 products or worst 5 campaigns. Combined, they enable simple exploratory analysis and efficient dashboards without pulling unnecessary data. In a Case/Scenario round, emphasize the aspects most relevant to that format, such as brevity for screenings, code or queries for technical rounds, tool navigation for hands-on, structured thinking for case scenarios, and trade-offs or architecture for design discussions."
125,SQL,ORDER BY and LIMIT,System/design discussion,[System/design discussion] How do ORDER BY and LIMIT help answer ranking-style questions in analytics?,"ORDER BY sorts result sets based on one or more columns, ascending or descending, letting you see top or bottom performers. LIMIT (or TOP/FETCH) restricts the number of rows returned, which is useful for questions like top 10 products or worst 5 campaigns. Combined, they enable simple exploratory analysis and efficient dashboards without pulling unnecessary data. In a System/design discussion round, emphasize the aspects most relevant to that format, such as brevity for screenings, code or queries for technical rounds, tool navigation for hands-on, structured thinking for case scenarios, and trade-offs or architecture for design discussions."
126,SQL,GROUP BY and aggregation,Screening/MCQ,[Screening/MCQ] Describe how GROUP BY works with aggregate functions for reporting.,"GROUP BY partitions rows into groups based on key columns, then aggregate functions like SUM, COUNT, AVG, MIN, and MAX compute metrics per group. This is the cornerstone of business reporting, enabling KPIs like revenue per region, orders per customer, or sessions per day. Correct use requires ensuring non-grouped selected columns are aggregated or removed to avoid errors. In a Screening/MCQ round, emphasize the aspects most relevant to that format, such as brevity for screenings, code or queries for technical rounds, tool navigation for hands-on, structured thinking for case scenarios, and trade-offs or architecture for design discussions."
127,SQL,GROUP BY and aggregation,Technical coding,[Technical coding] Describe how GROUP BY works with aggregate functions for reporting.,"GROUP BY partitions rows into groups based on key columns, then aggregate functions like SUM, COUNT, AVG, MIN, and MAX compute metrics per group. This is the cornerstone of business reporting, enabling KPIs like revenue per region, orders per customer, or sessions per day. Correct use requires ensuring non-grouped selected columns are aggregated or removed to avoid errors. In a Technical coding round, emphasize the aspects most relevant to that format, such as brevity for screenings, code or queries for technical rounds, tool navigation for hands-on, structured thinking for case scenarios, and trade-offs or architecture for design discussions."
128,SQL,GROUP BY and aggregation,Tool hands-on,[Tool hands-on] Describe how GROUP BY works with aggregate functions for reporting.,"GROUP BY partitions rows into groups based on key columns, then aggregate functions like SUM, COUNT, AVG, MIN, and MAX compute metrics per group. This is the cornerstone of business reporting, enabling KPIs like revenue per region, orders per customer, or sessions per day. Correct use requires ensuring non-grouped selected columns are aggregated or removed to avoid errors. In a Tool hands-on round, emphasize the aspects most relevant to that format, such as brevity for screenings, code or queries for technical rounds, tool navigation for hands-on, structured thinking for case scenarios, and trade-offs or architecture for design discussions."
129,SQL,GROUP BY and aggregation,Case/Scenario,[Case/Scenario] Describe how GROUP BY works with aggregate functions for reporting.,"GROUP BY partitions rows into groups based on key columns, then aggregate functions like SUM, COUNT, AVG, MIN, and MAX compute metrics per group. This is the cornerstone of business reporting, enabling KPIs like revenue per region, orders per customer, or sessions per day. Correct use requires ensuring non-grouped selected columns are aggregated or removed to avoid errors. In a Case/Scenario round, emphasize the aspects most relevant to that format, such as brevity for screenings, code or queries for technical rounds, tool navigation for hands-on, structured thinking for case scenarios, and trade-offs or architecture for design discussions."
130,SQL,GROUP BY and aggregation,System/design discussion,[System/design discussion] Describe how GROUP BY works with aggregate functions for reporting.,"GROUP BY partitions rows into groups based on key columns, then aggregate functions like SUM, COUNT, AVG, MIN, and MAX compute metrics per group. This is the cornerstone of business reporting, enabling KPIs like revenue per region, orders per customer, or sessions per day. Correct use requires ensuring non-grouped selected columns are aggregated or removed to avoid errors. In a System/design discussion round, emphasize the aspects most relevant to that format, such as brevity for screenings, code or queries for technical rounds, tool navigation for hands-on, structured thinking for case scenarios, and trade-offs or architecture for design discussions."
131,SQL,HAVING vs WHERE,Screening/MCQ,"[Screening/MCQ] What is the difference between HAVING and WHERE, and when would you use each?","WHERE filters rows before grouping, based on raw columns, while HAVING filters groups after aggregation, based on aggregate results. For example, WHERE can restrict to completed orders, and HAVING can then keep only customers with total spend above a threshold. Understanding this distinction prevents incorrect logic when building summary reports. In a Screening/MCQ round, emphasize the aspects most relevant to that format, such as brevity for screenings, code or queries for technical rounds, tool navigation for hands-on, structured thinking for case scenarios, and trade-offs or architecture for design discussions."
132,SQL,HAVING vs WHERE,Technical coding,"[Technical coding] What is the difference between HAVING and WHERE, and when would you use each?","WHERE filters rows before grouping, based on raw columns, while HAVING filters groups after aggregation, based on aggregate results. For example, WHERE can restrict to completed orders, and HAVING can then keep only customers with total spend above a threshold. Understanding this distinction prevents incorrect logic when building summary reports. In a Technical coding round, emphasize the aspects most relevant to that format, such as brevity for screenings, code or queries for technical rounds, tool navigation for hands-on, structured thinking for case scenarios, and trade-offs or architecture for design discussions."
133,SQL,HAVING vs WHERE,Tool hands-on,"[Tool hands-on] What is the difference between HAVING and WHERE, and when would you use each?","WHERE filters rows before grouping, based on raw columns, while HAVING filters groups after aggregation, based on aggregate results. For example, WHERE can restrict to completed orders, and HAVING can then keep only customers with total spend above a threshold. Understanding this distinction prevents incorrect logic when building summary reports. In a Tool hands-on round, emphasize the aspects most relevant to that format, such as brevity for screenings, code or queries for technical rounds, tool navigation for hands-on, structured thinking for case scenarios, and trade-offs or architecture for design discussions."
134,SQL,HAVING vs WHERE,Case/Scenario,"[Case/Scenario] What is the difference between HAVING and WHERE, and when would you use each?","WHERE filters rows before grouping, based on raw columns, while HAVING filters groups after aggregation, based on aggregate results. For example, WHERE can restrict to completed orders, and HAVING can then keep only customers with total spend above a threshold. Understanding this distinction prevents incorrect logic when building summary reports. In a Case/Scenario round, emphasize the aspects most relevant to that format, such as brevity for screenings, code or queries for technical rounds, tool navigation for hands-on, structured thinking for case scenarios, and trade-offs or architecture for design discussions."
135,SQL,HAVING vs WHERE,System/design discussion,"[System/design discussion] What is the difference between HAVING and WHERE, and when would you use each?","WHERE filters rows before grouping, based on raw columns, while HAVING filters groups after aggregation, based on aggregate results. For example, WHERE can restrict to completed orders, and HAVING can then keep only customers with total spend above a threshold. Understanding this distinction prevents incorrect logic when building summary reports. In a System/design discussion round, emphasize the aspects most relevant to that format, such as brevity for screenings, code or queries for technical rounds, tool navigation for hands-on, structured thinking for case scenarios, and trade-offs or architecture for design discussions."
136,SQL,INNER JOIN,Screening/MCQ,[Screening/MCQ] Explain INNER JOIN with an example relevant to a data analyst.,"INNER JOIN returns rows where the join condition matches across both tables, effectively intersecting them. Analysts use it to combine customers with orders on customer_id, showing only customers who have placed at least one order. If either side lacks a match, that row is excluded, which is appropriate when you only care about entities present in both datasets. In a Screening/MCQ round, emphasize the aspects most relevant to that format, such as brevity for screenings, code or queries for technical rounds, tool navigation for hands-on, structured thinking for case scenarios, and trade-offs or architecture for design discussions."
137,SQL,INNER JOIN,Technical coding,[Technical coding] Explain INNER JOIN with an example relevant to a data analyst.,"INNER JOIN returns rows where the join condition matches across both tables, effectively intersecting them. Analysts use it to combine customers with orders on customer_id, showing only customers who have placed at least one order. If either side lacks a match, that row is excluded, which is appropriate when you only care about entities present in both datasets. In a Technical coding round, emphasize the aspects most relevant to that format, such as brevity for screenings, code or queries for technical rounds, tool navigation for hands-on, structured thinking for case scenarios, and trade-offs or architecture for design discussions."
138,SQL,INNER JOIN,Tool hands-on,[Tool hands-on] Explain INNER JOIN with an example relevant to a data analyst.,"INNER JOIN returns rows where the join condition matches across both tables, effectively intersecting them. Analysts use it to combine customers with orders on customer_id, showing only customers who have placed at least one order. If either side lacks a match, that row is excluded, which is appropriate when you only care about entities present in both datasets. In a Tool hands-on round, emphasize the aspects most relevant to that format, such as brevity for screenings, code or queries for technical rounds, tool navigation for hands-on, structured thinking for case scenarios, and trade-offs or architecture for design discussions."
139,SQL,INNER JOIN,Case/Scenario,[Case/Scenario] Explain INNER JOIN with an example relevant to a data analyst.,"INNER JOIN returns rows where the join condition matches across both tables, effectively intersecting them. Analysts use it to combine customers with orders on customer_id, showing only customers who have placed at least one order. If either side lacks a match, that row is excluded, which is appropriate when you only care about entities present in both datasets. In a Case/Scenario round, emphasize the aspects most relevant to that format, such as brevity for screenings, code or queries for technical rounds, tool navigation for hands-on, structured thinking for case scenarios, and trade-offs or architecture for design discussions."
140,SQL,INNER JOIN,System/design discussion,[System/design discussion] Explain INNER JOIN with an example relevant to a data analyst.,"INNER JOIN returns rows where the join condition matches across both tables, effectively intersecting them. Analysts use it to combine customers with orders on customer_id, showing only customers who have placed at least one order. If either side lacks a match, that row is excluded, which is appropriate when you only care about entities present in both datasets. In a System/design discussion round, emphasize the aspects most relevant to that format, such as brevity for screenings, code or queries for technical rounds, tool navigation for hands-on, structured thinking for case scenarios, and trade-offs or architecture for design discussions."
141,SQL,LEFT JOIN,Screening/MCQ,"[Screening/MCQ] Why is LEFT JOIN so common in analytics, and what does it return?","LEFT JOIN keeps all rows from the left table and adds matching rows from the right table when they exist, otherwise filling with NULLs. This pattern is common when you want a complete list of entities, such as all customers with their orders, including customers who have not ordered yet. It preserves the left-side population while enriching it with optional details. In a Screening/MCQ round, emphasize the aspects most relevant to that format, such as brevity for screenings, code or queries for technical rounds, tool navigation for hands-on, structured thinking for case scenarios, and trade-offs or architecture for design discussions."
142,SQL,LEFT JOIN,Technical coding,"[Technical coding] Why is LEFT JOIN so common in analytics, and what does it return?","LEFT JOIN keeps all rows from the left table and adds matching rows from the right table when they exist, otherwise filling with NULLs. This pattern is common when you want a complete list of entities, such as all customers with their orders, including customers who have not ordered yet. It preserves the left-side population while enriching it with optional details. In a Technical coding round, emphasize the aspects most relevant to that format, such as brevity for screenings, code or queries for technical rounds, tool navigation for hands-on, structured thinking for case scenarios, and trade-offs or architecture for design discussions."
143,SQL,LEFT JOIN,Tool hands-on,"[Tool hands-on] Why is LEFT JOIN so common in analytics, and what does it return?","LEFT JOIN keeps all rows from the left table and adds matching rows from the right table when they exist, otherwise filling with NULLs. This pattern is common when you want a complete list of entities, such as all customers with their orders, including customers who have not ordered yet. It preserves the left-side population while enriching it with optional details. In a Tool hands-on round, emphasize the aspects most relevant to that format, such as brevity for screenings, code or queries for technical rounds, tool navigation for hands-on, structured thinking for case scenarios, and trade-offs or architecture for design discussions."
144,SQL,LEFT JOIN,Case/Scenario,"[Case/Scenario] Why is LEFT JOIN so common in analytics, and what does it return?","LEFT JOIN keeps all rows from the left table and adds matching rows from the right table when they exist, otherwise filling with NULLs. This pattern is common when you want a complete list of entities, such as all customers with their orders, including customers who have not ordered yet. It preserves the left-side population while enriching it with optional details. In a Case/Scenario round, emphasize the aspects most relevant to that format, such as brevity for screenings, code or queries for technical rounds, tool navigation for hands-on, structured thinking for case scenarios, and trade-offs or architecture for design discussions."
145,SQL,LEFT JOIN,System/design discussion,"[System/design discussion] Why is LEFT JOIN so common in analytics, and what does it return?","LEFT JOIN keeps all rows from the left table and adds matching rows from the right table when they exist, otherwise filling with NULLs. This pattern is common when you want a complete list of entities, such as all customers with their orders, including customers who have not ordered yet. It preserves the left-side population while enriching it with optional details. In a System/design discussion round, emphasize the aspects most relevant to that format, such as brevity for screenings, code or queries for technical rounds, tool navigation for hands-on, structured thinking for case scenarios, and trade-offs or architecture for design discussions."
146,SQL,RIGHT and FULL JOIN,Screening/MCQ,[Screening/MCQ] Describe RIGHT JOIN and FULL OUTER JOIN and give business examples.,"RIGHT JOIN mirrors LEFT JOIN, keeping all rows from the right table and matching from the left, which can be useful when your primary view is the right table. FULL OUTER JOIN returns all rows from both sides, matching where possible and showing NULLs where there is no counterpart. Analysts may use FULL joins to reconcile two sources or detect records that exist only in one system. In a Screening/MCQ round, emphasize the aspects most relevant to that format, such as brevity for screenings, code or queries for technical rounds, tool navigation for hands-on, structured thinking for case scenarios, and trade-offs or architecture for design discussions."
147,SQL,RIGHT and FULL JOIN,Technical coding,[Technical coding] Describe RIGHT JOIN and FULL OUTER JOIN and give business examples.,"RIGHT JOIN mirrors LEFT JOIN, keeping all rows from the right table and matching from the left, which can be useful when your primary view is the right table. FULL OUTER JOIN returns all rows from both sides, matching where possible and showing NULLs where there is no counterpart. Analysts may use FULL joins to reconcile two sources or detect records that exist only in one system. In a Technical coding round, emphasize the aspects most relevant to that format, such as brevity for screenings, code or queries for technical rounds, tool navigation for hands-on, structured thinking for case scenarios, and trade-offs or architecture for design discussions."
148,SQL,RIGHT and FULL JOIN,Tool hands-on,[Tool hands-on] Describe RIGHT JOIN and FULL OUTER JOIN and give business examples.,"RIGHT JOIN mirrors LEFT JOIN, keeping all rows from the right table and matching from the left, which can be useful when your primary view is the right table. FULL OUTER JOIN returns all rows from both sides, matching where possible and showing NULLs where there is no counterpart. Analysts may use FULL joins to reconcile two sources or detect records that exist only in one system. In a Tool hands-on round, emphasize the aspects most relevant to that format, such as brevity for screenings, code or queries for technical rounds, tool navigation for hands-on, structured thinking for case scenarios, and trade-offs or architecture for design discussions."
149,SQL,RIGHT and FULL JOIN,Case/Scenario,[Case/Scenario] Describe RIGHT JOIN and FULL OUTER JOIN and give business examples.,"RIGHT JOIN mirrors LEFT JOIN, keeping all rows from the right table and matching from the left, which can be useful when your primary view is the right table. FULL OUTER JOIN returns all rows from both sides, matching where possible and showing NULLs where there is no counterpart. Analysts may use FULL joins to reconcile two sources or detect records that exist only in one system. In a Case/Scenario round, emphasize the aspects most relevant to that format, such as brevity for screenings, code or queries for technical rounds, tool navigation for hands-on, structured thinking for case scenarios, and trade-offs or architecture for design discussions."
150,SQL,RIGHT and FULL JOIN,System/design discussion,[System/design discussion] Describe RIGHT JOIN and FULL OUTER JOIN and give business examples.,"RIGHT JOIN mirrors LEFT JOIN, keeping all rows from the right table and matching from the left, which can be useful when your primary view is the right table. FULL OUTER JOIN returns all rows from both sides, matching where possible and showing NULLs where there is no counterpart. Analysts may use FULL joins to reconcile two sources or detect records that exist only in one system. In a System/design discussion round, emphasize the aspects most relevant to that format, such as brevity for screenings, code or queries for technical rounds, tool navigation for hands-on, structured thinking for case scenarios, and trade-offs or architecture for design discussions."
151,SQL,JOIN pitfalls,Screening/MCQ,[Screening/MCQ] What are common pitfalls when writing joins in SQL?,"Pitfalls include forgetting join conditions, leading to Cartesian products, and using non-unique keys that create duplicate rows. Misunderstanding NULL handling or selecting columns without considering which table they come from can produce incorrect metrics. Analysts must also be careful with many-to-many relationships, often needing bridge tables or additional aggregation steps. In a Screening/MCQ round, emphasize the aspects most relevant to that format, such as brevity for screenings, code or queries for technical rounds, tool navigation for hands-on, structured thinking for case scenarios, and trade-offs or architecture for design discussions."
152,SQL,JOIN pitfalls,Technical coding,[Technical coding] What are common pitfalls when writing joins in SQL?,"Pitfalls include forgetting join conditions, leading to Cartesian products, and using non-unique keys that create duplicate rows. Misunderstanding NULL handling or selecting columns without considering which table they come from can produce incorrect metrics. Analysts must also be careful with many-to-many relationships, often needing bridge tables or additional aggregation steps. In a Technical coding round, emphasize the aspects most relevant to that format, such as brevity for screenings, code or queries for technical rounds, tool navigation for hands-on, structured thinking for case scenarios, and trade-offs or architecture for design discussions."
153,SQL,JOIN pitfalls,Tool hands-on,[Tool hands-on] What are common pitfalls when writing joins in SQL?,"Pitfalls include forgetting join conditions, leading to Cartesian products, and using non-unique keys that create duplicate rows. Misunderstanding NULL handling or selecting columns without considering which table they come from can produce incorrect metrics. Analysts must also be careful with many-to-many relationships, often needing bridge tables or additional aggregation steps. In a Tool hands-on round, emphasize the aspects most relevant to that format, such as brevity for screenings, code or queries for technical rounds, tool navigation for hands-on, structured thinking for case scenarios, and trade-offs or architecture for design discussions."
154,SQL,JOIN pitfalls,Case/Scenario,[Case/Scenario] What are common pitfalls when writing joins in SQL?,"Pitfalls include forgetting join conditions, leading to Cartesian products, and using non-unique keys that create duplicate rows. Misunderstanding NULL handling or selecting columns without considering which table they come from can produce incorrect metrics. Analysts must also be careful with many-to-many relationships, often needing bridge tables or additional aggregation steps. In a Case/Scenario round, emphasize the aspects most relevant to that format, such as brevity for screenings, code or queries for technical rounds, tool navigation for hands-on, structured thinking for case scenarios, and trade-offs or architecture for design discussions."
155,SQL,JOIN pitfalls,System/design discussion,[System/design discussion] What are common pitfalls when writing joins in SQL?,"Pitfalls include forgetting join conditions, leading to Cartesian products, and using non-unique keys that create duplicate rows. Misunderstanding NULL handling or selecting columns without considering which table they come from can produce incorrect metrics. Analysts must also be careful with many-to-many relationships, often needing bridge tables or additional aggregation steps. In a System/design discussion round, emphasize the aspects most relevant to that format, such as brevity for screenings, code or queries for technical rounds, tool navigation for hands-on, structured thinking for case scenarios, and trade-offs or architecture for design discussions."
156,SQL,Subqueries,Screening/MCQ,[Screening/MCQ] Explain subqueries and how they can simplify complex analytics logic.,"Subqueries are queries nested inside other queries, either in SELECT, FROM, or WHERE clauses, that provide intermediate result sets or values. They can encapsulate steps like computing per-customer metrics or filtered lists, which the outer query then joins or filters on. This helps break complex questions into manageable stages and can improve readability compared with huge single queries. In a Screening/MCQ round, emphasize the aspects most relevant to that format, such as brevity for screenings, code or queries for technical rounds, tool navigation for hands-on, structured thinking for case scenarios, and trade-offs or architecture for design discussions."
157,SQL,Subqueries,Technical coding,[Technical coding] Explain subqueries and how they can simplify complex analytics logic.,"Subqueries are queries nested inside other queries, either in SELECT, FROM, or WHERE clauses, that provide intermediate result sets or values. They can encapsulate steps like computing per-customer metrics or filtered lists, which the outer query then joins or filters on. This helps break complex questions into manageable stages and can improve readability compared with huge single queries. In a Technical coding round, emphasize the aspects most relevant to that format, such as brevity for screenings, code or queries for technical rounds, tool navigation for hands-on, structured thinking for case scenarios, and trade-offs or architecture for design discussions."
158,SQL,Subqueries,Tool hands-on,[Tool hands-on] Explain subqueries and how they can simplify complex analytics logic.,"Subqueries are queries nested inside other queries, either in SELECT, FROM, or WHERE clauses, that provide intermediate result sets or values. They can encapsulate steps like computing per-customer metrics or filtered lists, which the outer query then joins or filters on. This helps break complex questions into manageable stages and can improve readability compared with huge single queries. In a Tool hands-on round, emphasize the aspects most relevant to that format, such as brevity for screenings, code or queries for technical rounds, tool navigation for hands-on, structured thinking for case scenarios, and trade-offs or architecture for design discussions."
159,SQL,Subqueries,Case/Scenario,[Case/Scenario] Explain subqueries and how they can simplify complex analytics logic.,"Subqueries are queries nested inside other queries, either in SELECT, FROM, or WHERE clauses, that provide intermediate result sets or values. They can encapsulate steps like computing per-customer metrics or filtered lists, which the outer query then joins or filters on. This helps break complex questions into manageable stages and can improve readability compared with huge single queries. In a Case/Scenario round, emphasize the aspects most relevant to that format, such as brevity for screenings, code or queries for technical rounds, tool navigation for hands-on, structured thinking for case scenarios, and trade-offs or architecture for design discussions."
160,SQL,Subqueries,System/design discussion,[System/design discussion] Explain subqueries and how they can simplify complex analytics logic.,"Subqueries are queries nested inside other queries, either in SELECT, FROM, or WHERE clauses, that provide intermediate result sets or values. They can encapsulate steps like computing per-customer metrics or filtered lists, which the outer query then joins or filters on. This helps break complex questions into manageable stages and can improve readability compared with huge single queries. In a System/design discussion round, emphasize the aspects most relevant to that format, such as brevity for screenings, code or queries for technical rounds, tool navigation for hands-on, structured thinking for case scenarios, and trade-offs or architecture for design discussions."
161,SQL,CTEs,Screening/MCQ,"[Screening/MCQ] What are common table expressions (CTEs), and why are they preferred in modern SQL?","CTEs defined with WITH provide named, reusable subqueries that make complex SQL more modular and readable. Analysts often build multi-stage pipelines where each CTE computes a logical step, such as raw events, cleaned events, and aggregated metrics, then the final SELECT returns the answer. CTEs also avoid repeating the same subquery multiple times and can aid debugging. In a Screening/MCQ round, emphasize the aspects most relevant to that format, such as brevity for screenings, code or queries for technical rounds, tool navigation for hands-on, structured thinking for case scenarios, and trade-offs or architecture for design discussions."
162,SQL,CTEs,Technical coding,"[Technical coding] What are common table expressions (CTEs), and why are they preferred in modern SQL?","CTEs defined with WITH provide named, reusable subqueries that make complex SQL more modular and readable. Analysts often build multi-stage pipelines where each CTE computes a logical step, such as raw events, cleaned events, and aggregated metrics, then the final SELECT returns the answer. CTEs also avoid repeating the same subquery multiple times and can aid debugging. In a Technical coding round, emphasize the aspects most relevant to that format, such as brevity for screenings, code or queries for technical rounds, tool navigation for hands-on, structured thinking for case scenarios, and trade-offs or architecture for design discussions."
163,SQL,CTEs,Tool hands-on,"[Tool hands-on] What are common table expressions (CTEs), and why are they preferred in modern SQL?","CTEs defined with WITH provide named, reusable subqueries that make complex SQL more modular and readable. Analysts often build multi-stage pipelines where each CTE computes a logical step, such as raw events, cleaned events, and aggregated metrics, then the final SELECT returns the answer. CTEs also avoid repeating the same subquery multiple times and can aid debugging. In a Tool hands-on round, emphasize the aspects most relevant to that format, such as brevity for screenings, code or queries for technical rounds, tool navigation for hands-on, structured thinking for case scenarios, and trade-offs or architecture for design discussions."
164,SQL,CTEs,Case/Scenario,"[Case/Scenario] What are common table expressions (CTEs), and why are they preferred in modern SQL?","CTEs defined with WITH provide named, reusable subqueries that make complex SQL more modular and readable. Analysts often build multi-stage pipelines where each CTE computes a logical step, such as raw events, cleaned events, and aggregated metrics, then the final SELECT returns the answer. CTEs also avoid repeating the same subquery multiple times and can aid debugging. In a Case/Scenario round, emphasize the aspects most relevant to that format, such as brevity for screenings, code or queries for technical rounds, tool navigation for hands-on, structured thinking for case scenarios, and trade-offs or architecture for design discussions."
165,SQL,CTEs,System/design discussion,"[System/design discussion] What are common table expressions (CTEs), and why are they preferred in modern SQL?","CTEs defined with WITH provide named, reusable subqueries that make complex SQL more modular and readable. Analysts often build multi-stage pipelines where each CTE computes a logical step, such as raw events, cleaned events, and aggregated metrics, then the final SELECT returns the answer. CTEs also avoid repeating the same subquery multiple times and can aid debugging. In a System/design discussion round, emphasize the aspects most relevant to that format, such as brevity for screenings, code or queries for technical rounds, tool navigation for hands-on, structured thinking for case scenarios, and trade-offs or architecture for design discussions."
166,SQL,Window functions basics,Screening/MCQ,[Screening/MCQ] Describe window (analytic) functions and give examples.,"Window functions like ROW_NUMBER, RANK, SUM OVER, and AVG OVER operate over partitions of rows without collapsing them like GROUP BY. They allow computations such as running totals, moving averages, or ranking within segments like country or product category. This is powerful for cohort analysis, retention curves, and comparing entities relative to peers. In a Screening/MCQ round, emphasize the aspects most relevant to that format, such as brevity for screenings, code or queries for technical rounds, tool navigation for hands-on, structured thinking for case scenarios, and trade-offs or architecture for design discussions."
167,SQL,Window functions basics,Technical coding,[Technical coding] Describe window (analytic) functions and give examples.,"Window functions like ROW_NUMBER, RANK, SUM OVER, and AVG OVER operate over partitions of rows without collapsing them like GROUP BY. They allow computations such as running totals, moving averages, or ranking within segments like country or product category. This is powerful for cohort analysis, retention curves, and comparing entities relative to peers. In a Technical coding round, emphasize the aspects most relevant to that format, such as brevity for screenings, code or queries for technical rounds, tool navigation for hands-on, structured thinking for case scenarios, and trade-offs or architecture for design discussions."
168,SQL,Window functions basics,Tool hands-on,[Tool hands-on] Describe window (analytic) functions and give examples.,"Window functions like ROW_NUMBER, RANK, SUM OVER, and AVG OVER operate over partitions of rows without collapsing them like GROUP BY. They allow computations such as running totals, moving averages, or ranking within segments like country or product category. This is powerful for cohort analysis, retention curves, and comparing entities relative to peers. In a Tool hands-on round, emphasize the aspects most relevant to that format, such as brevity for screenings, code or queries for technical rounds, tool navigation for hands-on, structured thinking for case scenarios, and trade-offs or architecture for design discussions."
169,SQL,Window functions basics,Case/Scenario,[Case/Scenario] Describe window (analytic) functions and give examples.,"Window functions like ROW_NUMBER, RANK, SUM OVER, and AVG OVER operate over partitions of rows without collapsing them like GROUP BY. They allow computations such as running totals, moving averages, or ranking within segments like country or product category. This is powerful for cohort analysis, retention curves, and comparing entities relative to peers. In a Case/Scenario round, emphasize the aspects most relevant to that format, such as brevity for screenings, code or queries for technical rounds, tool navigation for hands-on, structured thinking for case scenarios, and trade-offs or architecture for design discussions."
170,SQL,Window functions basics,System/design discussion,[System/design discussion] Describe window (analytic) functions and give examples.,"Window functions like ROW_NUMBER, RANK, SUM OVER, and AVG OVER operate over partitions of rows without collapsing them like GROUP BY. They allow computations such as running totals, moving averages, or ranking within segments like country or product category. This is powerful for cohort analysis, retention curves, and comparing entities relative to peers. In a System/design discussion round, emphasize the aspects most relevant to that format, such as brevity for screenings, code or queries for technical rounds, tool navigation for hands-on, structured thinking for case scenarios, and trade-offs or architecture for design discussions."
171,SQL,ROW_NUMBER vs RANK,Screening/MCQ,[Screening/MCQ] Compare ROW_NUMBER and RANK and explain when you would use each.,"ROW_NUMBER assigns a unique sequential number within each partition, even when values tie, while RANK gives the same rank to ties and may skip numbers. If you must pick a single top record per group, ROW_NUMBER is appropriate; if you care about tied positions in leaderboards, use RANK or DENSE_RANK. Understanding tie behavior is important for fair business logic. In a Screening/MCQ round, emphasize the aspects most relevant to that format, such as brevity for screenings, code or queries for technical rounds, tool navigation for hands-on, structured thinking for case scenarios, and trade-offs or architecture for design discussions."
172,SQL,ROW_NUMBER vs RANK,Technical coding,[Technical coding] Compare ROW_NUMBER and RANK and explain when you would use each.,"ROW_NUMBER assigns a unique sequential number within each partition, even when values tie, while RANK gives the same rank to ties and may skip numbers. If you must pick a single top record per group, ROW_NUMBER is appropriate; if you care about tied positions in leaderboards, use RANK or DENSE_RANK. Understanding tie behavior is important for fair business logic. In a Technical coding round, emphasize the aspects most relevant to that format, such as brevity for screenings, code or queries for technical rounds, tool navigation for hands-on, structured thinking for case scenarios, and trade-offs or architecture for design discussions."
173,SQL,ROW_NUMBER vs RANK,Tool hands-on,[Tool hands-on] Compare ROW_NUMBER and RANK and explain when you would use each.,"ROW_NUMBER assigns a unique sequential number within each partition, even when values tie, while RANK gives the same rank to ties and may skip numbers. If you must pick a single top record per group, ROW_NUMBER is appropriate; if you care about tied positions in leaderboards, use RANK or DENSE_RANK. Understanding tie behavior is important for fair business logic. In a Tool hands-on round, emphasize the aspects most relevant to that format, such as brevity for screenings, code or queries for technical rounds, tool navigation for hands-on, structured thinking for case scenarios, and trade-offs or architecture for design discussions."
174,SQL,ROW_NUMBER vs RANK,Case/Scenario,[Case/Scenario] Compare ROW_NUMBER and RANK and explain when you would use each.,"ROW_NUMBER assigns a unique sequential number within each partition, even when values tie, while RANK gives the same rank to ties and may skip numbers. If you must pick a single top record per group, ROW_NUMBER is appropriate; if you care about tied positions in leaderboards, use RANK or DENSE_RANK. Understanding tie behavior is important for fair business logic. In a Case/Scenario round, emphasize the aspects most relevant to that format, such as brevity for screenings, code or queries for technical rounds, tool navigation for hands-on, structured thinking for case scenarios, and trade-offs or architecture for design discussions."
175,SQL,ROW_NUMBER vs RANK,System/design discussion,[System/design discussion] Compare ROW_NUMBER and RANK and explain when you would use each.,"ROW_NUMBER assigns a unique sequential number within each partition, even when values tie, while RANK gives the same rank to ties and may skip numbers. If you must pick a single top record per group, ROW_NUMBER is appropriate; if you care about tied positions in leaderboards, use RANK or DENSE_RANK. Understanding tie behavior is important for fair business logic. In a System/design discussion round, emphasize the aspects most relevant to that format, such as brevity for screenings, code or queries for technical rounds, tool navigation for hands-on, structured thinking for case scenarios, and trade-offs or architecture for design discussions."
176,SQL,Date functions,Screening/MCQ,[Screening/MCQ] How do date and time functions support period-based reporting?,"SQL date functions like DATE_TRUNC, DATEADD, DATEDIFF, and EXTRACT help group and compare data by day, week, month, or year. Analysts use them to compute metrics such as week-over-week growth, time-to-event durations, or seasonal patterns. Correct use requires awareness of timezones, inclusive/exclusive ranges, and calendar-specific rules. In a Screening/MCQ round, emphasize the aspects most relevant to that format, such as brevity for screenings, code or queries for technical rounds, tool navigation for hands-on, structured thinking for case scenarios, and trade-offs or architecture for design discussions."
177,SQL,Date functions,Technical coding,[Technical coding] How do date and time functions support period-based reporting?,"SQL date functions like DATE_TRUNC, DATEADD, DATEDIFF, and EXTRACT help group and compare data by day, week, month, or year. Analysts use them to compute metrics such as week-over-week growth, time-to-event durations, or seasonal patterns. Correct use requires awareness of timezones, inclusive/exclusive ranges, and calendar-specific rules. In a Technical coding round, emphasize the aspects most relevant to that format, such as brevity for screenings, code or queries for technical rounds, tool navigation for hands-on, structured thinking for case scenarios, and trade-offs or architecture for design discussions."
178,SQL,Date functions,Tool hands-on,[Tool hands-on] How do date and time functions support period-based reporting?,"SQL date functions like DATE_TRUNC, DATEADD, DATEDIFF, and EXTRACT help group and compare data by day, week, month, or year. Analysts use them to compute metrics such as week-over-week growth, time-to-event durations, or seasonal patterns. Correct use requires awareness of timezones, inclusive/exclusive ranges, and calendar-specific rules. In a Tool hands-on round, emphasize the aspects most relevant to that format, such as brevity for screenings, code or queries for technical rounds, tool navigation for hands-on, structured thinking for case scenarios, and trade-offs or architecture for design discussions."
179,SQL,Date functions,Case/Scenario,[Case/Scenario] How do date and time functions support period-based reporting?,"SQL date functions like DATE_TRUNC, DATEADD, DATEDIFF, and EXTRACT help group and compare data by day, week, month, or year. Analysts use them to compute metrics such as week-over-week growth, time-to-event durations, or seasonal patterns. Correct use requires awareness of timezones, inclusive/exclusive ranges, and calendar-specific rules. In a Case/Scenario round, emphasize the aspects most relevant to that format, such as brevity for screenings, code or queries for technical rounds, tool navigation for hands-on, structured thinking for case scenarios, and trade-offs or architecture for design discussions."
180,SQL,Date functions,System/design discussion,[System/design discussion] How do date and time functions support period-based reporting?,"SQL date functions like DATE_TRUNC, DATEADD, DATEDIFF, and EXTRACT help group and compare data by day, week, month, or year. Analysts use them to compute metrics such as week-over-week growth, time-to-event durations, or seasonal patterns. Correct use requires awareness of timezones, inclusive/exclusive ranges, and calendar-specific rules. In a System/design discussion round, emphasize the aspects most relevant to that format, such as brevity for screenings, code or queries for technical rounds, tool navigation for hands-on, structured thinking for case scenarios, and trade-offs or architecture for design discussions."
181,SQL,CASE expressions,Screening/MCQ,[Screening/MCQ] Explain CASE expressions and give an example of bucketing customers.,"CASE provides conditional logic within SQL, letting you assign values based on column conditions. For customer bucketing you might use CASE to classify spend levels into 'Low', 'Medium', and 'High' based on total revenue thresholds. This enables flexible derived dimensions without needing separate ETL steps. In a Screening/MCQ round, emphasize the aspects most relevant to that format, such as brevity for screenings, code or queries for technical rounds, tool navigation for hands-on, structured thinking for case scenarios, and trade-offs or architecture for design discussions."
182,SQL,CASE expressions,Technical coding,[Technical coding] Explain CASE expressions and give an example of bucketing customers.,"CASE provides conditional logic within SQL, letting you assign values based on column conditions. For customer bucketing you might use CASE to classify spend levels into 'Low', 'Medium', and 'High' based on total revenue thresholds. This enables flexible derived dimensions without needing separate ETL steps. In a Technical coding round, emphasize the aspects most relevant to that format, such as brevity for screenings, code or queries for technical rounds, tool navigation for hands-on, structured thinking for case scenarios, and trade-offs or architecture for design discussions."
183,SQL,CASE expressions,Tool hands-on,[Tool hands-on] Explain CASE expressions and give an example of bucketing customers.,"CASE provides conditional logic within SQL, letting you assign values based on column conditions. For customer bucketing you might use CASE to classify spend levels into 'Low', 'Medium', and 'High' based on total revenue thresholds. This enables flexible derived dimensions without needing separate ETL steps. In a Tool hands-on round, emphasize the aspects most relevant to that format, such as brevity for screenings, code or queries for technical rounds, tool navigation for hands-on, structured thinking for case scenarios, and trade-offs or architecture for design discussions."
184,SQL,CASE expressions,Case/Scenario,[Case/Scenario] Explain CASE expressions and give an example of bucketing customers.,"CASE provides conditional logic within SQL, letting you assign values based on column conditions. For customer bucketing you might use CASE to classify spend levels into 'Low', 'Medium', and 'High' based on total revenue thresholds. This enables flexible derived dimensions without needing separate ETL steps. In a Case/Scenario round, emphasize the aspects most relevant to that format, such as brevity for screenings, code or queries for technical rounds, tool navigation for hands-on, structured thinking for case scenarios, and trade-offs or architecture for design discussions."
185,SQL,CASE expressions,System/design discussion,[System/design discussion] Explain CASE expressions and give an example of bucketing customers.,"CASE provides conditional logic within SQL, letting you assign values based on column conditions. For customer bucketing you might use CASE to classify spend levels into 'Low', 'Medium', and 'High' based on total revenue thresholds. This enables flexible derived dimensions without needing separate ETL steps. In a System/design discussion round, emphasize the aspects most relevant to that format, such as brevity for screenings, code or queries for technical rounds, tool navigation for hands-on, structured thinking for case scenarios, and trade-offs or architecture for design discussions."
186,SQL,NULL handling,Screening/MCQ,[Screening/MCQ] Why is understanding NULL critical in SQL analytics?,"NULL represents missing or unknown values, and it behaves differently from regular values in comparisons and aggregations. Analysts must know that arithmetic WITH NULL yields NULL, comparisons with NULL are unknown, and aggregates like COUNT(*) versus COUNT(column) treat NULL differently. Proper use of COALESCE and IS NULL safeguards logic and avoids undercounting or overcounting. In a Screening/MCQ round, emphasize the aspects most relevant to that format, such as brevity for screenings, code or queries for technical rounds, tool navigation for hands-on, structured thinking for case scenarios, and trade-offs or architecture for design discussions."
187,SQL,NULL handling,Technical coding,[Technical coding] Why is understanding NULL critical in SQL analytics?,"NULL represents missing or unknown values, and it behaves differently from regular values in comparisons and aggregations. Analysts must know that arithmetic WITH NULL yields NULL, comparisons with NULL are unknown, and aggregates like COUNT(*) versus COUNT(column) treat NULL differently. Proper use of COALESCE and IS NULL safeguards logic and avoids undercounting or overcounting. In a Technical coding round, emphasize the aspects most relevant to that format, such as brevity for screenings, code or queries for technical rounds, tool navigation for hands-on, structured thinking for case scenarios, and trade-offs or architecture for design discussions."
188,SQL,NULL handling,Tool hands-on,[Tool hands-on] Why is understanding NULL critical in SQL analytics?,"NULL represents missing or unknown values, and it behaves differently from regular values in comparisons and aggregations. Analysts must know that arithmetic WITH NULL yields NULL, comparisons with NULL are unknown, and aggregates like COUNT(*) versus COUNT(column) treat NULL differently. Proper use of COALESCE and IS NULL safeguards logic and avoids undercounting or overcounting. In a Tool hands-on round, emphasize the aspects most relevant to that format, such as brevity for screenings, code or queries for technical rounds, tool navigation for hands-on, structured thinking for case scenarios, and trade-offs or architecture for design discussions."
189,SQL,NULL handling,Case/Scenario,[Case/Scenario] Why is understanding NULL critical in SQL analytics?,"NULL represents missing or unknown values, and it behaves differently from regular values in comparisons and aggregations. Analysts must know that arithmetic WITH NULL yields NULL, comparisons with NULL are unknown, and aggregates like COUNT(*) versus COUNT(column) treat NULL differently. Proper use of COALESCE and IS NULL safeguards logic and avoids undercounting or overcounting. In a Case/Scenario round, emphasize the aspects most relevant to that format, such as brevity for screenings, code or queries for technical rounds, tool navigation for hands-on, structured thinking for case scenarios, and trade-offs or architecture for design discussions."
190,SQL,NULL handling,System/design discussion,[System/design discussion] Why is understanding NULL critical in SQL analytics?,"NULL represents missing or unknown values, and it behaves differently from regular values in comparisons and aggregations. Analysts must know that arithmetic WITH NULL yields NULL, comparisons with NULL are unknown, and aggregates like COUNT(*) versus COUNT(column) treat NULL differently. Proper use of COALESCE and IS NULL safeguards logic and avoids undercounting or overcounting. In a System/design discussion round, emphasize the aspects most relevant to that format, such as brevity for screenings, code or queries for technical rounds, tool navigation for hands-on, structured thinking for case scenarios, and trade-offs or architecture for design discussions."
191,SQL,Index basics,Screening/MCQ,"[Screening/MCQ] What are indexes, and how do they impact query performance for analysts?","Indexes are data structures that accelerate lookups and joins by providing fast access paths on key columns. Although DBAs typically manage them, analysts should know that filtering and joining on indexed columns can dramatically improve query speed, especially on large tables. Poorly chosen or excessive indexes, however, can slow writes and waste storage. In a Screening/MCQ round, emphasize the aspects most relevant to that format, such as brevity for screenings, code or queries for technical rounds, tool navigation for hands-on, structured thinking for case scenarios, and trade-offs or architecture for design discussions."
192,SQL,Index basics,Technical coding,"[Technical coding] What are indexes, and how do they impact query performance for analysts?","Indexes are data structures that accelerate lookups and joins by providing fast access paths on key columns. Although DBAs typically manage them, analysts should know that filtering and joining on indexed columns can dramatically improve query speed, especially on large tables. Poorly chosen or excessive indexes, however, can slow writes and waste storage. In a Technical coding round, emphasize the aspects most relevant to that format, such as brevity for screenings, code or queries for technical rounds, tool navigation for hands-on, structured thinking for case scenarios, and trade-offs or architecture for design discussions."
193,SQL,Index basics,Tool hands-on,"[Tool hands-on] What are indexes, and how do they impact query performance for analysts?","Indexes are data structures that accelerate lookups and joins by providing fast access paths on key columns. Although DBAs typically manage them, analysts should know that filtering and joining on indexed columns can dramatically improve query speed, especially on large tables. Poorly chosen or excessive indexes, however, can slow writes and waste storage. In a Tool hands-on round, emphasize the aspects most relevant to that format, such as brevity for screenings, code or queries for technical rounds, tool navigation for hands-on, structured thinking for case scenarios, and trade-offs or architecture for design discussions."
194,SQL,Index basics,Case/Scenario,"[Case/Scenario] What are indexes, and how do they impact query performance for analysts?","Indexes are data structures that accelerate lookups and joins by providing fast access paths on key columns. Although DBAs typically manage them, analysts should know that filtering and joining on indexed columns can dramatically improve query speed, especially on large tables. Poorly chosen or excessive indexes, however, can slow writes and waste storage. In a Case/Scenario round, emphasize the aspects most relevant to that format, such as brevity for screenings, code or queries for technical rounds, tool navigation for hands-on, structured thinking for case scenarios, and trade-offs or architecture for design discussions."
195,SQL,Index basics,System/design discussion,"[System/design discussion] What are indexes, and how do they impact query performance for analysts?","Indexes are data structures that accelerate lookups and joins by providing fast access paths on key columns. Although DBAs typically manage them, analysts should know that filtering and joining on indexed columns can dramatically improve query speed, especially on large tables. Poorly chosen or excessive indexes, however, can slow writes and waste storage. In a System/design discussion round, emphasize the aspects most relevant to that format, such as brevity for screenings, code or queries for technical rounds, tool navigation for hands-on, structured thinking for case scenarios, and trade-offs or architecture for design discussions."
196,SQL,Query optimization,Screening/MCQ,[Screening/MCQ] Describe steps you would take to optimize a slow analytical query.,"Optimization starts with understanding the execution plan to identify scans, sorts, and joins that are expensive. You might reduce data scanned by adding filters earlier, simplify expressions, use appropriate indexes, or pre-aggregate data into summary tables. Iterative tuning and collaboration with data engineers or DBAs ensures queries scale as data volume grows. In a Screening/MCQ round, emphasize the aspects most relevant to that format, such as brevity for screenings, code or queries for technical rounds, tool navigation for hands-on, structured thinking for case scenarios, and trade-offs or architecture for design discussions."
197,SQL,Query optimization,Technical coding,[Technical coding] Describe steps you would take to optimize a slow analytical query.,"Optimization starts with understanding the execution plan to identify scans, sorts, and joins that are expensive. You might reduce data scanned by adding filters earlier, simplify expressions, use appropriate indexes, or pre-aggregate data into summary tables. Iterative tuning and collaboration with data engineers or DBAs ensures queries scale as data volume grows. In a Technical coding round, emphasize the aspects most relevant to that format, such as brevity for screenings, code or queries for technical rounds, tool navigation for hands-on, structured thinking for case scenarios, and trade-offs or architecture for design discussions."
198,SQL,Query optimization,Tool hands-on,[Tool hands-on] Describe steps you would take to optimize a slow analytical query.,"Optimization starts with understanding the execution plan to identify scans, sorts, and joins that are expensive. You might reduce data scanned by adding filters earlier, simplify expressions, use appropriate indexes, or pre-aggregate data into summary tables. Iterative tuning and collaboration with data engineers or DBAs ensures queries scale as data volume grows. In a Tool hands-on round, emphasize the aspects most relevant to that format, such as brevity for screenings, code or queries for technical rounds, tool navigation for hands-on, structured thinking for case scenarios, and trade-offs or architecture for design discussions."
199,SQL,Query optimization,Case/Scenario,[Case/Scenario] Describe steps you would take to optimize a slow analytical query.,"Optimization starts with understanding the execution plan to identify scans, sorts, and joins that are expensive. You might reduce data scanned by adding filters earlier, simplify expressions, use appropriate indexes, or pre-aggregate data into summary tables. Iterative tuning and collaboration with data engineers or DBAs ensures queries scale as data volume grows. In a Case/Scenario round, emphasize the aspects most relevant to that format, such as brevity for screenings, code or queries for technical rounds, tool navigation for hands-on, structured thinking for case scenarios, and trade-offs or architecture for design discussions."
200,SQL,Query optimization,System/design discussion,[System/design discussion] Describe steps you would take to optimize a slow analytical query.,"Optimization starts with understanding the execution plan to identify scans, sorts, and joins that are expensive. You might reduce data scanned by adding filters earlier, simplify expressions, use appropriate indexes, or pre-aggregate data into summary tables. Iterative tuning and collaboration with data engineers or DBAs ensures queries scale as data volume grows. In a System/design discussion round, emphasize the aspects most relevant to that format, such as brevity for screenings, code or queries for technical rounds, tool navigation for hands-on, structured thinking for case scenarios, and trade-offs or architecture for design discussions."
201,SQL,Star vs snowflake schema,Screening/MCQ,[Screening/MCQ] Explain star and snowflake schemas and their impact on BI queries.,"A star schema has a central fact table connected to denormalized dimension tables, while a snowflake normalizes dimensions into multiple related tables. Star schemas simplify querying and often perform better for BI tools, as they reduce join complexity. Snowflake schemas can save storage and enforce data integrity but may require more joins and careful modeling for easy self-service analytics. In a Screening/MCQ round, emphasize the aspects most relevant to that format, such as brevity for screenings, code or queries for technical rounds, tool navigation for hands-on, structured thinking for case scenarios, and trade-offs or architecture for design discussions."
202,SQL,Star vs snowflake schema,Technical coding,[Technical coding] Explain star and snowflake schemas and their impact on BI queries.,"A star schema has a central fact table connected to denormalized dimension tables, while a snowflake normalizes dimensions into multiple related tables. Star schemas simplify querying and often perform better for BI tools, as they reduce join complexity. Snowflake schemas can save storage and enforce data integrity but may require more joins and careful modeling for easy self-service analytics. In a Technical coding round, emphasize the aspects most relevant to that format, such as brevity for screenings, code or queries for technical rounds, tool navigation for hands-on, structured thinking for case scenarios, and trade-offs or architecture for design discussions."
203,SQL,Star vs snowflake schema,Tool hands-on,[Tool hands-on] Explain star and snowflake schemas and their impact on BI queries.,"A star schema has a central fact table connected to denormalized dimension tables, while a snowflake normalizes dimensions into multiple related tables. Star schemas simplify querying and often perform better for BI tools, as they reduce join complexity. Snowflake schemas can save storage and enforce data integrity but may require more joins and careful modeling for easy self-service analytics. In a Tool hands-on round, emphasize the aspects most relevant to that format, such as brevity for screenings, code or queries for technical rounds, tool navigation for hands-on, structured thinking for case scenarios, and trade-offs or architecture for design discussions."
204,SQL,Star vs snowflake schema,Case/Scenario,[Case/Scenario] Explain star and snowflake schemas and their impact on BI queries.,"A star schema has a central fact table connected to denormalized dimension tables, while a snowflake normalizes dimensions into multiple related tables. Star schemas simplify querying and often perform better for BI tools, as they reduce join complexity. Snowflake schemas can save storage and enforce data integrity but may require more joins and careful modeling for easy self-service analytics. In a Case/Scenario round, emphasize the aspects most relevant to that format, such as brevity for screenings, code or queries for technical rounds, tool navigation for hands-on, structured thinking for case scenarios, and trade-offs or architecture for design discussions."
205,SQL,Star vs snowflake schema,System/design discussion,[System/design discussion] Explain star and snowflake schemas and their impact on BI queries.,"A star schema has a central fact table connected to denormalized dimension tables, while a snowflake normalizes dimensions into multiple related tables. Star schemas simplify querying and often perform better for BI tools, as they reduce join complexity. Snowflake schemas can save storage and enforce data integrity but may require more joins and careful modeling for easy self-service analytics. In a System/design discussion round, emphasize the aspects most relevant to that format, such as brevity for screenings, code or queries for technical rounds, tool navigation for hands-on, structured thinking for case scenarios, and trade-offs or architecture for design discussions."
206,SQL,Fact and dimension tables,Screening/MCQ,[Screening/MCQ] What are fact and dimension tables in a data warehouse?,"Fact tables store numeric measurements or events, such as transactions, clicks, or log entries, often with foreign keys to dimensions. Dimension tables provide descriptive attributes like customer demographics, product categories, or time details. Analysts join facts to dimensions to slice and dice metrics along meaningful business axes. In a Screening/MCQ round, emphasize the aspects most relevant to that format, such as brevity for screenings, code or queries for technical rounds, tool navigation for hands-on, structured thinking for case scenarios, and trade-offs or architecture for design discussions."
207,SQL,Fact and dimension tables,Technical coding,[Technical coding] What are fact and dimension tables in a data warehouse?,"Fact tables store numeric measurements or events, such as transactions, clicks, or log entries, often with foreign keys to dimensions. Dimension tables provide descriptive attributes like customer demographics, product categories, or time details. Analysts join facts to dimensions to slice and dice metrics along meaningful business axes. In a Technical coding round, emphasize the aspects most relevant to that format, such as brevity for screenings, code or queries for technical rounds, tool navigation for hands-on, structured thinking for case scenarios, and trade-offs or architecture for design discussions."
208,SQL,Fact and dimension tables,Tool hands-on,[Tool hands-on] What are fact and dimension tables in a data warehouse?,"Fact tables store numeric measurements or events, such as transactions, clicks, or log entries, often with foreign keys to dimensions. Dimension tables provide descriptive attributes like customer demographics, product categories, or time details. Analysts join facts to dimensions to slice and dice metrics along meaningful business axes. In a Tool hands-on round, emphasize the aspects most relevant to that format, such as brevity for screenings, code or queries for technical rounds, tool navigation for hands-on, structured thinking for case scenarios, and trade-offs or architecture for design discussions."
209,SQL,Fact and dimension tables,Case/Scenario,[Case/Scenario] What are fact and dimension tables in a data warehouse?,"Fact tables store numeric measurements or events, such as transactions, clicks, or log entries, often with foreign keys to dimensions. Dimension tables provide descriptive attributes like customer demographics, product categories, or time details. Analysts join facts to dimensions to slice and dice metrics along meaningful business axes. In a Case/Scenario round, emphasize the aspects most relevant to that format, such as brevity for screenings, code or queries for technical rounds, tool navigation for hands-on, structured thinking for case scenarios, and trade-offs or architecture for design discussions."
210,SQL,Fact and dimension tables,System/design discussion,[System/design discussion] What are fact and dimension tables in a data warehouse?,"Fact tables store numeric measurements or events, such as transactions, clicks, or log entries, often with foreign keys to dimensions. Dimension tables provide descriptive attributes like customer demographics, product categories, or time details. Analysts join facts to dimensions to slice and dice metrics along meaningful business axes. In a System/design discussion round, emphasize the aspects most relevant to that format, such as brevity for screenings, code or queries for technical rounds, tool navigation for hands-on, structured thinking for case scenarios, and trade-offs or architecture for design discussions."
211,SQL,Slowly changing dimensions,Screening/MCQ,[Screening/MCQ] Briefly explain slowly changing dimensions (SCD) types 1 and 2.,"SCD Type 1 overwrites old dimension values with new ones, losing history but keeping current state simple. SCD Type 2 adds new rows with versioning columns, preserving historical changes such as customer address or segment over time. Data analysts must understand which type is used to interpret historical reports correctly. In a Screening/MCQ round, emphasize the aspects most relevant to that format, such as brevity for screenings, code or queries for technical rounds, tool navigation for hands-on, structured thinking for case scenarios, and trade-offs or architecture for design discussions."
212,SQL,Slowly changing dimensions,Technical coding,[Technical coding] Briefly explain slowly changing dimensions (SCD) types 1 and 2.,"SCD Type 1 overwrites old dimension values with new ones, losing history but keeping current state simple. SCD Type 2 adds new rows with versioning columns, preserving historical changes such as customer address or segment over time. Data analysts must understand which type is used to interpret historical reports correctly. In a Technical coding round, emphasize the aspects most relevant to that format, such as brevity for screenings, code or queries for technical rounds, tool navigation for hands-on, structured thinking for case scenarios, and trade-offs or architecture for design discussions."
213,SQL,Slowly changing dimensions,Tool hands-on,[Tool hands-on] Briefly explain slowly changing dimensions (SCD) types 1 and 2.,"SCD Type 1 overwrites old dimension values with new ones, losing history but keeping current state simple. SCD Type 2 adds new rows with versioning columns, preserving historical changes such as customer address or segment over time. Data analysts must understand which type is used to interpret historical reports correctly. In a Tool hands-on round, emphasize the aspects most relevant to that format, such as brevity for screenings, code or queries for technical rounds, tool navigation for hands-on, structured thinking for case scenarios, and trade-offs or architecture for design discussions."
214,SQL,Slowly changing dimensions,Case/Scenario,[Case/Scenario] Briefly explain slowly changing dimensions (SCD) types 1 and 2.,"SCD Type 1 overwrites old dimension values with new ones, losing history but keeping current state simple. SCD Type 2 adds new rows with versioning columns, preserving historical changes such as customer address or segment over time. Data analysts must understand which type is used to interpret historical reports correctly. In a Case/Scenario round, emphasize the aspects most relevant to that format, such as brevity for screenings, code or queries for technical rounds, tool navigation for hands-on, structured thinking for case scenarios, and trade-offs or architecture for design discussions."
215,SQL,Slowly changing dimensions,System/design discussion,[System/design discussion] Briefly explain slowly changing dimensions (SCD) types 1 and 2.,"SCD Type 1 overwrites old dimension values with new ones, losing history but keeping current state simple. SCD Type 2 adds new rows with versioning columns, preserving historical changes such as customer address or segment over time. Data analysts must understand which type is used to interpret historical reports correctly. In a System/design discussion round, emphasize the aspects most relevant to that format, such as brevity for screenings, code or queries for technical rounds, tool navigation for hands-on, structured thinking for case scenarios, and trade-offs or architecture for design discussions."
216,SQL,Materialized views,Screening/MCQ,[Screening/MCQ] How can materialized views help with analytics performance?,"Materialized views store the results of a query physically, updating them periodically, so downstream queries read precomputed summaries instead of raw tables. They are useful for dashboards that hit the same heavy aggregations repeatedly or for complex joins that would otherwise be expensive. Analysts benefit from faster response times while still querying via familiar SQL. In a Screening/MCQ round, emphasize the aspects most relevant to that format, such as brevity for screenings, code or queries for technical rounds, tool navigation for hands-on, structured thinking for case scenarios, and trade-offs or architecture for design discussions."
217,SQL,Materialized views,Technical coding,[Technical coding] How can materialized views help with analytics performance?,"Materialized views store the results of a query physically, updating them periodically, so downstream queries read precomputed summaries instead of raw tables. They are useful for dashboards that hit the same heavy aggregations repeatedly or for complex joins that would otherwise be expensive. Analysts benefit from faster response times while still querying via familiar SQL. In a Technical coding round, emphasize the aspects most relevant to that format, such as brevity for screenings, code or queries for technical rounds, tool navigation for hands-on, structured thinking for case scenarios, and trade-offs or architecture for design discussions."
218,SQL,Materialized views,Tool hands-on,[Tool hands-on] How can materialized views help with analytics performance?,"Materialized views store the results of a query physically, updating them periodically, so downstream queries read precomputed summaries instead of raw tables. They are useful for dashboards that hit the same heavy aggregations repeatedly or for complex joins that would otherwise be expensive. Analysts benefit from faster response times while still querying via familiar SQL. In a Tool hands-on round, emphasize the aspects most relevant to that format, such as brevity for screenings, code or queries for technical rounds, tool navigation for hands-on, structured thinking for case scenarios, and trade-offs or architecture for design discussions."
219,SQL,Materialized views,Case/Scenario,[Case/Scenario] How can materialized views help with analytics performance?,"Materialized views store the results of a query physically, updating them periodically, so downstream queries read precomputed summaries instead of raw tables. They are useful for dashboards that hit the same heavy aggregations repeatedly or for complex joins that would otherwise be expensive. Analysts benefit from faster response times while still querying via familiar SQL. In a Case/Scenario round, emphasize the aspects most relevant to that format, such as brevity for screenings, code or queries for technical rounds, tool navigation for hands-on, structured thinking for case scenarios, and trade-offs or architecture for design discussions."
220,SQL,Materialized views,System/design discussion,[System/design discussion] How can materialized views help with analytics performance?,"Materialized views store the results of a query physically, updating them periodically, so downstream queries read precomputed summaries instead of raw tables. They are useful for dashboards that hit the same heavy aggregations repeatedly or for complex joins that would otherwise be expensive. Analysts benefit from faster response times while still querying via familiar SQL. In a System/design discussion round, emphasize the aspects most relevant to that format, such as brevity for screenings, code or queries for technical rounds, tool navigation for hands-on, structured thinking for case scenarios, and trade-offs or architecture for design discussions."
221,SQL,Permissions & governance,Screening/MCQ,[Screening/MCQ] Why should a data analyst care about SQL permissions and data governance?,"Permissions control who can read, write, or change data, protecting sensitive information and ensuring compliance. Analysts need appropriate access to do their jobs while respecting rules around PII and regulatory requirements. Understanding roles, schemas, and audit trails helps them work with governance teams and avoid accidental policy violations. In a Screening/MCQ round, emphasize the aspects most relevant to that format, such as brevity for screenings, code or queries for technical rounds, tool navigation for hands-on, structured thinking for case scenarios, and trade-offs or architecture for design discussions."
222,SQL,Permissions & governance,Technical coding,[Technical coding] Why should a data analyst care about SQL permissions and data governance?,"Permissions control who can read, write, or change data, protecting sensitive information and ensuring compliance. Analysts need appropriate access to do their jobs while respecting rules around PII and regulatory requirements. Understanding roles, schemas, and audit trails helps them work with governance teams and avoid accidental policy violations. In a Technical coding round, emphasize the aspects most relevant to that format, such as brevity for screenings, code or queries for technical rounds, tool navigation for hands-on, structured thinking for case scenarios, and trade-offs or architecture for design discussions."
223,SQL,Permissions & governance,Tool hands-on,[Tool hands-on] Why should a data analyst care about SQL permissions and data governance?,"Permissions control who can read, write, or change data, protecting sensitive information and ensuring compliance. Analysts need appropriate access to do their jobs while respecting rules around PII and regulatory requirements. Understanding roles, schemas, and audit trails helps them work with governance teams and avoid accidental policy violations. In a Tool hands-on round, emphasize the aspects most relevant to that format, such as brevity for screenings, code or queries for technical rounds, tool navigation for hands-on, structured thinking for case scenarios, and trade-offs or architecture for design discussions."
224,SQL,Permissions & governance,Case/Scenario,[Case/Scenario] Why should a data analyst care about SQL permissions and data governance?,"Permissions control who can read, write, or change data, protecting sensitive information and ensuring compliance. Analysts need appropriate access to do their jobs while respecting rules around PII and regulatory requirements. Understanding roles, schemas, and audit trails helps them work with governance teams and avoid accidental policy violations. In a Case/Scenario round, emphasize the aspects most relevant to that format, such as brevity for screenings, code or queries for technical rounds, tool navigation for hands-on, structured thinking for case scenarios, and trade-offs or architecture for design discussions."
225,SQL,Permissions & governance,System/design discussion,[System/design discussion] Why should a data analyst care about SQL permissions and data governance?,"Permissions control who can read, write, or change data, protecting sensitive information and ensuring compliance. Analysts need appropriate access to do their jobs while respecting rules around PII and regulatory requirements. Understanding roles, schemas, and audit trails helps them work with governance teams and avoid accidental policy violations. In a System/design discussion round, emphasize the aspects most relevant to that format, such as brevity for screenings, code or queries for technical rounds, tool navigation for hands-on, structured thinking for case scenarios, and trade-offs or architecture for design discussions."
226,SQL,ETL vs ELT,Screening/MCQ,[Screening/MCQ] Compare ETL and ELT patterns and how SQL fits into them.,"ETL extracts data, transforms it in a staging environment, then loads it into the warehouse, whereas ELT loads raw data first and performs transformations inside the warehouse. SQL is central in ELT, expressing transformations as queries and views on top of raw tables. Modern cloud warehouses often favor ELT due to their scalability and flexible compute. In a Screening/MCQ round, emphasize the aspects most relevant to that format, such as brevity for screenings, code or queries for technical rounds, tool navigation for hands-on, structured thinking for case scenarios, and trade-offs or architecture for design discussions."
227,SQL,ETL vs ELT,Technical coding,[Technical coding] Compare ETL and ELT patterns and how SQL fits into them.,"ETL extracts data, transforms it in a staging environment, then loads it into the warehouse, whereas ELT loads raw data first and performs transformations inside the warehouse. SQL is central in ELT, expressing transformations as queries and views on top of raw tables. Modern cloud warehouses often favor ELT due to their scalability and flexible compute. In a Technical coding round, emphasize the aspects most relevant to that format, such as brevity for screenings, code or queries for technical rounds, tool navigation for hands-on, structured thinking for case scenarios, and trade-offs or architecture for design discussions."
228,SQL,ETL vs ELT,Tool hands-on,[Tool hands-on] Compare ETL and ELT patterns and how SQL fits into them.,"ETL extracts data, transforms it in a staging environment, then loads it into the warehouse, whereas ELT loads raw data first and performs transformations inside the warehouse. SQL is central in ELT, expressing transformations as queries and views on top of raw tables. Modern cloud warehouses often favor ELT due to their scalability and flexible compute. In a Tool hands-on round, emphasize the aspects most relevant to that format, such as brevity for screenings, code or queries for technical rounds, tool navigation for hands-on, structured thinking for case scenarios, and trade-offs or architecture for design discussions."
229,SQL,ETL vs ELT,Case/Scenario,[Case/Scenario] Compare ETL and ELT patterns and how SQL fits into them.,"ETL extracts data, transforms it in a staging environment, then loads it into the warehouse, whereas ELT loads raw data first and performs transformations inside the warehouse. SQL is central in ELT, expressing transformations as queries and views on top of raw tables. Modern cloud warehouses often favor ELT due to their scalability and flexible compute. In a Case/Scenario round, emphasize the aspects most relevant to that format, such as brevity for screenings, code or queries for technical rounds, tool navigation for hands-on, structured thinking for case scenarios, and trade-offs or architecture for design discussions."
230,SQL,ETL vs ELT,System/design discussion,[System/design discussion] Compare ETL and ELT patterns and how SQL fits into them.,"ETL extracts data, transforms it in a staging environment, then loads it into the warehouse, whereas ELT loads raw data first and performs transformations inside the warehouse. SQL is central in ELT, expressing transformations as queries and views on top of raw tables. Modern cloud warehouses often favor ELT due to their scalability and flexible compute. In a System/design discussion round, emphasize the aspects most relevant to that format, such as brevity for screenings, code or queries for technical rounds, tool navigation for hands-on, structured thinking for case scenarios, and trade-offs or architecture for design discussions."
231,Power BI,Power BI architecture,Screening/MCQ,[Screening/MCQ] Briefly describe the main components of Power BI from a data analyst's perspective.,"Power BI consists of Power BI Desktop for model and report creation, the Power BI Service for publishing and collaboration, and gateways for on-premises data access. Analysts import data from various sources, build data models and visuals in Desktop, then publish to the Service where stakeholders consume dashboards. Understanding this flow is key for managing refresh schedules, permissions, and deployment. In a Screening/MCQ round, emphasize the aspects most relevant to that format, such as brevity for screenings, code or queries for technical rounds, tool navigation for hands-on, structured thinking for case scenarios, and trade-offs or architecture for design discussions."
232,Power BI,Power BI architecture,Technical coding,[Technical coding] Briefly describe the main components of Power BI from a data analyst's perspective.,"Power BI consists of Power BI Desktop for model and report creation, the Power BI Service for publishing and collaboration, and gateways for on-premises data access. Analysts import data from various sources, build data models and visuals in Desktop, then publish to the Service where stakeholders consume dashboards. Understanding this flow is key for managing refresh schedules, permissions, and deployment. In a Technical coding round, emphasize the aspects most relevant to that format, such as brevity for screenings, code or queries for technical rounds, tool navigation for hands-on, structured thinking for case scenarios, and trade-offs or architecture for design discussions."
233,Power BI,Power BI architecture,Tool hands-on,[Tool hands-on] Briefly describe the main components of Power BI from a data analyst's perspective.,"Power BI consists of Power BI Desktop for model and report creation, the Power BI Service for publishing and collaboration, and gateways for on-premises data access. Analysts import data from various sources, build data models and visuals in Desktop, then publish to the Service where stakeholders consume dashboards. Understanding this flow is key for managing refresh schedules, permissions, and deployment. In a Tool hands-on round, emphasize the aspects most relevant to that format, such as brevity for screenings, code or queries for technical rounds, tool navigation for hands-on, structured thinking for case scenarios, and trade-offs or architecture for design discussions."
234,Power BI,Power BI architecture,Case/Scenario,[Case/Scenario] Briefly describe the main components of Power BI from a data analyst's perspective.,"Power BI consists of Power BI Desktop for model and report creation, the Power BI Service for publishing and collaboration, and gateways for on-premises data access. Analysts import data from various sources, build data models and visuals in Desktop, then publish to the Service where stakeholders consume dashboards. Understanding this flow is key for managing refresh schedules, permissions, and deployment. In a Case/Scenario round, emphasize the aspects most relevant to that format, such as brevity for screenings, code or queries for technical rounds, tool navigation for hands-on, structured thinking for case scenarios, and trade-offs or architecture for design discussions."
235,Power BI,Power BI architecture,System/design discussion,[System/design discussion] Briefly describe the main components of Power BI from a data analyst's perspective.,"Power BI consists of Power BI Desktop for model and report creation, the Power BI Service for publishing and collaboration, and gateways for on-premises data access. Analysts import data from various sources, build data models and visuals in Desktop, then publish to the Service where stakeholders consume dashboards. Understanding this flow is key for managing refresh schedules, permissions, and deployment. In a System/design discussion round, emphasize the aspects most relevant to that format, such as brevity for screenings, code or queries for technical rounds, tool navigation for hands-on, structured thinking for case scenarios, and trade-offs or architecture for design discussions."
236,Power BI,Data sources,Screening/MCQ,"[Screening/MCQ] How do you connect Power BI to different data sources, and what should you consider?","Power BI supports connectors for databases, files, web APIs, and cloud services, each with specific authentication and refresh capabilities. Analysts must choose between Import mode, which caches data in the model, and DirectQuery or Live connections, which query sources at runtime. Considerations include performance, data latency, security, and whether transformations occur in Power Query or upstream. In a Screening/MCQ round, emphasize the aspects most relevant to that format, such as brevity for screenings, code or queries for technical rounds, tool navigation for hands-on, structured thinking for case scenarios, and trade-offs or architecture for design discussions."
237,Power BI,Data sources,Technical coding,"[Technical coding] How do you connect Power BI to different data sources, and what should you consider?","Power BI supports connectors for databases, files, web APIs, and cloud services, each with specific authentication and refresh capabilities. Analysts must choose between Import mode, which caches data in the model, and DirectQuery or Live connections, which query sources at runtime. Considerations include performance, data latency, security, and whether transformations occur in Power Query or upstream. In a Technical coding round, emphasize the aspects most relevant to that format, such as brevity for screenings, code or queries for technical rounds, tool navigation for hands-on, structured thinking for case scenarios, and trade-offs or architecture for design discussions."
238,Power BI,Data sources,Tool hands-on,"[Tool hands-on] How do you connect Power BI to different data sources, and what should you consider?","Power BI supports connectors for databases, files, web APIs, and cloud services, each with specific authentication and refresh capabilities. Analysts must choose between Import mode, which caches data in the model, and DirectQuery or Live connections, which query sources at runtime. Considerations include performance, data latency, security, and whether transformations occur in Power Query or upstream. In a Tool hands-on round, emphasize the aspects most relevant to that format, such as brevity for screenings, code or queries for technical rounds, tool navigation for hands-on, structured thinking for case scenarios, and trade-offs or architecture for design discussions."
239,Power BI,Data sources,Case/Scenario,"[Case/Scenario] How do you connect Power BI to different data sources, and what should you consider?","Power BI supports connectors for databases, files, web APIs, and cloud services, each with specific authentication and refresh capabilities. Analysts must choose between Import mode, which caches data in the model, and DirectQuery or Live connections, which query sources at runtime. Considerations include performance, data latency, security, and whether transformations occur in Power Query or upstream. In a Case/Scenario round, emphasize the aspects most relevant to that format, such as brevity for screenings, code or queries for technical rounds, tool navigation for hands-on, structured thinking for case scenarios, and trade-offs or architecture for design discussions."
240,Power BI,Data sources,System/design discussion,"[System/design discussion] How do you connect Power BI to different data sources, and what should you consider?","Power BI supports connectors for databases, files, web APIs, and cloud services, each with specific authentication and refresh capabilities. Analysts must choose between Import mode, which caches data in the model, and DirectQuery or Live connections, which query sources at runtime. Considerations include performance, data latency, security, and whether transformations occur in Power Query or upstream. In a System/design discussion round, emphasize the aspects most relevant to that format, such as brevity for screenings, code or queries for technical rounds, tool navigation for hands-on, structured thinking for case scenarios, and trade-offs or architecture for design discussions."
241,Power BI,Power Query,Screening/MCQ,[Screening/MCQ] Explain the role of Power Query in Power BI.,"Power Query is the data preparation layer where you connect, transform, and combine data before loading it into the model. Using its UI and M language, analysts perform steps such as filtering rows, splitting columns, pivoting/unpivoting, and merging queries. Documented, step-based transformations ensure repeatable refreshes and separate raw ingestion from modeling. In a Screening/MCQ round, emphasize the aspects most relevant to that format, such as brevity for screenings, code or queries for technical rounds, tool navigation for hands-on, structured thinking for case scenarios, and trade-offs or architecture for design discussions."
242,Power BI,Power Query,Technical coding,[Technical coding] Explain the role of Power Query in Power BI.,"Power Query is the data preparation layer where you connect, transform, and combine data before loading it into the model. Using its UI and M language, analysts perform steps such as filtering rows, splitting columns, pivoting/unpivoting, and merging queries. Documented, step-based transformations ensure repeatable refreshes and separate raw ingestion from modeling. In a Technical coding round, emphasize the aspects most relevant to that format, such as brevity for screenings, code or queries for technical rounds, tool navigation for hands-on, structured thinking for case scenarios, and trade-offs or architecture for design discussions."
243,Power BI,Power Query,Tool hands-on,[Tool hands-on] Explain the role of Power Query in Power BI.,"Power Query is the data preparation layer where you connect, transform, and combine data before loading it into the model. Using its UI and M language, analysts perform steps such as filtering rows, splitting columns, pivoting/unpivoting, and merging queries. Documented, step-based transformations ensure repeatable refreshes and separate raw ingestion from modeling. In a Tool hands-on round, emphasize the aspects most relevant to that format, such as brevity for screenings, code or queries for technical rounds, tool navigation for hands-on, structured thinking for case scenarios, and trade-offs or architecture for design discussions."
244,Power BI,Power Query,Case/Scenario,[Case/Scenario] Explain the role of Power Query in Power BI.,"Power Query is the data preparation layer where you connect, transform, and combine data before loading it into the model. Using its UI and M language, analysts perform steps such as filtering rows, splitting columns, pivoting/unpivoting, and merging queries. Documented, step-based transformations ensure repeatable refreshes and separate raw ingestion from modeling. In a Case/Scenario round, emphasize the aspects most relevant to that format, such as brevity for screenings, code or queries for technical rounds, tool navigation for hands-on, structured thinking for case scenarios, and trade-offs or architecture for design discussions."
245,Power BI,Power Query,System/design discussion,[System/design discussion] Explain the role of Power Query in Power BI.,"Power Query is the data preparation layer where you connect, transform, and combine data before loading it into the model. Using its UI and M language, analysts perform steps such as filtering rows, splitting columns, pivoting/unpivoting, and merging queries. Documented, step-based transformations ensure repeatable refreshes and separate raw ingestion from modeling. In a System/design discussion round, emphasize the aspects most relevant to that format, such as brevity for screenings, code or queries for technical rounds, tool navigation for hands-on, structured thinking for case scenarios, and trade-offs or architecture for design discussions."
246,Power BI,Model relationships,Screening/MCQ,"[Screening/MCQ] Why are relationships important in Power BI models, and how do you configure them?","Relationships define how tables connect, usually via key columns, enabling cross-filtering and correct aggregations across tables. Analysts specify relationship direction, cardinality (one-to-many, many-to-many), and active/inactive status, which impact how measures behave. Proper relationship design mirrors star schemas and prevents ambiguous filters or double-counting. In a Screening/MCQ round, emphasize the aspects most relevant to that format, such as brevity for screenings, code or queries for technical rounds, tool navigation for hands-on, structured thinking for case scenarios, and trade-offs or architecture for design discussions."
247,Power BI,Model relationships,Technical coding,"[Technical coding] Why are relationships important in Power BI models, and how do you configure them?","Relationships define how tables connect, usually via key columns, enabling cross-filtering and correct aggregations across tables. Analysts specify relationship direction, cardinality (one-to-many, many-to-many), and active/inactive status, which impact how measures behave. Proper relationship design mirrors star schemas and prevents ambiguous filters or double-counting. In a Technical coding round, emphasize the aspects most relevant to that format, such as brevity for screenings, code or queries for technical rounds, tool navigation for hands-on, structured thinking for case scenarios, and trade-offs or architecture for design discussions."
248,Power BI,Model relationships,Tool hands-on,"[Tool hands-on] Why are relationships important in Power BI models, and how do you configure them?","Relationships define how tables connect, usually via key columns, enabling cross-filtering and correct aggregations across tables. Analysts specify relationship direction, cardinality (one-to-many, many-to-many), and active/inactive status, which impact how measures behave. Proper relationship design mirrors star schemas and prevents ambiguous filters or double-counting. In a Tool hands-on round, emphasize the aspects most relevant to that format, such as brevity for screenings, code or queries for technical rounds, tool navigation for hands-on, structured thinking for case scenarios, and trade-offs or architecture for design discussions."
249,Power BI,Model relationships,Case/Scenario,"[Case/Scenario] Why are relationships important in Power BI models, and how do you configure them?","Relationships define how tables connect, usually via key columns, enabling cross-filtering and correct aggregations across tables. Analysts specify relationship direction, cardinality (one-to-many, many-to-many), and active/inactive status, which impact how measures behave. Proper relationship design mirrors star schemas and prevents ambiguous filters or double-counting. In a Case/Scenario round, emphasize the aspects most relevant to that format, such as brevity for screenings, code or queries for technical rounds, tool navigation for hands-on, structured thinking for case scenarios, and trade-offs or architecture for design discussions."
250,Power BI,Model relationships,System/design discussion,"[System/design discussion] Why are relationships important in Power BI models, and how do you configure them?","Relationships define how tables connect, usually via key columns, enabling cross-filtering and correct aggregations across tables. Analysts specify relationship direction, cardinality (one-to-many, many-to-many), and active/inactive status, which impact how measures behave. Proper relationship design mirrors star schemas and prevents ambiguous filters or double-counting. In a System/design discussion round, emphasize the aspects most relevant to that format, such as brevity for screenings, code or queries for technical rounds, tool navigation for hands-on, structured thinking for case scenarios, and trade-offs or architecture for design discussions."
251,Power BI,Measures vs calculated columns,Screening/MCQ,[Screening/MCQ] Compare measures and calculated columns in Power BI.,"Calculated columns are computed row by row during data refresh and stored in the model, useful for static classifications or keys. Measures are dynamic calculations evaluated at query time based on filter context, ideal for aggregations like totals, averages, and ratios. Choosing between them depends on whether you need row-level values or context-aware metrics. In a Screening/MCQ round, emphasize the aspects most relevant to that format, such as brevity for screenings, code or queries for technical rounds, tool navigation for hands-on, structured thinking for case scenarios, and trade-offs or architecture for design discussions."
252,Power BI,Measures vs calculated columns,Technical coding,[Technical coding] Compare measures and calculated columns in Power BI.,"Calculated columns are computed row by row during data refresh and stored in the model, useful for static classifications or keys. Measures are dynamic calculations evaluated at query time based on filter context, ideal for aggregations like totals, averages, and ratios. Choosing between them depends on whether you need row-level values or context-aware metrics. In a Technical coding round, emphasize the aspects most relevant to that format, such as brevity for screenings, code or queries for technical rounds, tool navigation for hands-on, structured thinking for case scenarios, and trade-offs or architecture for design discussions."
253,Power BI,Measures vs calculated columns,Tool hands-on,[Tool hands-on] Compare measures and calculated columns in Power BI.,"Calculated columns are computed row by row during data refresh and stored in the model, useful for static classifications or keys. Measures are dynamic calculations evaluated at query time based on filter context, ideal for aggregations like totals, averages, and ratios. Choosing between them depends on whether you need row-level values or context-aware metrics. In a Tool hands-on round, emphasize the aspects most relevant to that format, such as brevity for screenings, code or queries for technical rounds, tool navigation for hands-on, structured thinking for case scenarios, and trade-offs or architecture for design discussions."
254,Power BI,Measures vs calculated columns,Case/Scenario,[Case/Scenario] Compare measures and calculated columns in Power BI.,"Calculated columns are computed row by row during data refresh and stored in the model, useful for static classifications or keys. Measures are dynamic calculations evaluated at query time based on filter context, ideal for aggregations like totals, averages, and ratios. Choosing between them depends on whether you need row-level values or context-aware metrics. In a Case/Scenario round, emphasize the aspects most relevant to that format, such as brevity for screenings, code or queries for technical rounds, tool navigation for hands-on, structured thinking for case scenarios, and trade-offs or architecture for design discussions."
255,Power BI,Measures vs calculated columns,System/design discussion,[System/design discussion] Compare measures and calculated columns in Power BI.,"Calculated columns are computed row by row during data refresh and stored in the model, useful for static classifications or keys. Measures are dynamic calculations evaluated at query time based on filter context, ideal for aggregations like totals, averages, and ratios. Choosing between them depends on whether you need row-level values or context-aware metrics. In a System/design discussion round, emphasize the aspects most relevant to that format, such as brevity for screenings, code or queries for technical rounds, tool navigation for hands-on, structured thinking for case scenarios, and trade-offs or architecture for design discussions."
256,Power BI,Filter context,Screening/MCQ,"[Screening/MCQ] What is filter context in DAX, and why is it central to measure behavior?","Filter context is the set of filters applied to a calculation by visuals, slicers, and row/column selections in a report. DAX measures are evaluated within this context, so the same measure returns different results depending on what is being sliced. Understanding and manipulating filter context with functions like CALCULATE is essential for building correct KPIs. In a Screening/MCQ round, emphasize the aspects most relevant to that format, such as brevity for screenings, code or queries for technical rounds, tool navigation for hands-on, structured thinking for case scenarios, and trade-offs or architecture for design discussions."
257,Power BI,Filter context,Technical coding,"[Technical coding] What is filter context in DAX, and why is it central to measure behavior?","Filter context is the set of filters applied to a calculation by visuals, slicers, and row/column selections in a report. DAX measures are evaluated within this context, so the same measure returns different results depending on what is being sliced. Understanding and manipulating filter context with functions like CALCULATE is essential for building correct KPIs. In a Technical coding round, emphasize the aspects most relevant to that format, such as brevity for screenings, code or queries for technical rounds, tool navigation for hands-on, structured thinking for case scenarios, and trade-offs or architecture for design discussions."
258,Power BI,Filter context,Tool hands-on,"[Tool hands-on] What is filter context in DAX, and why is it central to measure behavior?","Filter context is the set of filters applied to a calculation by visuals, slicers, and row/column selections in a report. DAX measures are evaluated within this context, so the same measure returns different results depending on what is being sliced. Understanding and manipulating filter context with functions like CALCULATE is essential for building correct KPIs. In a Tool hands-on round, emphasize the aspects most relevant to that format, such as brevity for screenings, code or queries for technical rounds, tool navigation for hands-on, structured thinking for case scenarios, and trade-offs or architecture for design discussions."
259,Power BI,Filter context,Case/Scenario,"[Case/Scenario] What is filter context in DAX, and why is it central to measure behavior?","Filter context is the set of filters applied to a calculation by visuals, slicers, and row/column selections in a report. DAX measures are evaluated within this context, so the same measure returns different results depending on what is being sliced. Understanding and manipulating filter context with functions like CALCULATE is essential for building correct KPIs. In a Case/Scenario round, emphasize the aspects most relevant to that format, such as brevity for screenings, code or queries for technical rounds, tool navigation for hands-on, structured thinking for case scenarios, and trade-offs or architecture for design discussions."
260,Power BI,Filter context,System/design discussion,"[System/design discussion] What is filter context in DAX, and why is it central to measure behavior?","Filter context is the set of filters applied to a calculation by visuals, slicers, and row/column selections in a report. DAX measures are evaluated within this context, so the same measure returns different results depending on what is being sliced. Understanding and manipulating filter context with functions like CALCULATE is essential for building correct KPIs. In a System/design discussion round, emphasize the aspects most relevant to that format, such as brevity for screenings, code or queries for technical rounds, tool navigation for hands-on, structured thinking for case scenarios, and trade-offs or architecture for design discussions."
261,Power BI,Row context,Screening/MCQ,[Screening/MCQ] Briefly explain row context and its interaction with CALCULATE.,"Row context refers to the current row being iterated over, typically in calculated columns or iterating functions like SUMX. CALCULATE can convert row context to filter context when it is used in a calculated column or inside iterators, affecting measure results. Knowing how contexts transition prevents unexpected results when mixing columns and measures. In a Screening/MCQ round, emphasize the aspects most relevant to that format, such as brevity for screenings, code or queries for technical rounds, tool navigation for hands-on, structured thinking for case scenarios, and trade-offs or architecture for design discussions."
262,Power BI,Row context,Technical coding,[Technical coding] Briefly explain row context and its interaction with CALCULATE.,"Row context refers to the current row being iterated over, typically in calculated columns or iterating functions like SUMX. CALCULATE can convert row context to filter context when it is used in a calculated column or inside iterators, affecting measure results. Knowing how contexts transition prevents unexpected results when mixing columns and measures. In a Technical coding round, emphasize the aspects most relevant to that format, such as brevity for screenings, code or queries for technical rounds, tool navigation for hands-on, structured thinking for case scenarios, and trade-offs or architecture for design discussions."
263,Power BI,Row context,Tool hands-on,[Tool hands-on] Briefly explain row context and its interaction with CALCULATE.,"Row context refers to the current row being iterated over, typically in calculated columns or iterating functions like SUMX. CALCULATE can convert row context to filter context when it is used in a calculated column or inside iterators, affecting measure results. Knowing how contexts transition prevents unexpected results when mixing columns and measures. In a Tool hands-on round, emphasize the aspects most relevant to that format, such as brevity for screenings, code or queries for technical rounds, tool navigation for hands-on, structured thinking for case scenarios, and trade-offs or architecture for design discussions."
264,Power BI,Row context,Case/Scenario,[Case/Scenario] Briefly explain row context and its interaction with CALCULATE.,"Row context refers to the current row being iterated over, typically in calculated columns or iterating functions like SUMX. CALCULATE can convert row context to filter context when it is used in a calculated column or inside iterators, affecting measure results. Knowing how contexts transition prevents unexpected results when mixing columns and measures. In a Case/Scenario round, emphasize the aspects most relevant to that format, such as brevity for screenings, code or queries for technical rounds, tool navigation for hands-on, structured thinking for case scenarios, and trade-offs or architecture for design discussions."
265,Power BI,Row context,System/design discussion,[System/design discussion] Briefly explain row context and its interaction with CALCULATE.,"Row context refers to the current row being iterated over, typically in calculated columns or iterating functions like SUMX. CALCULATE can convert row context to filter context when it is used in a calculated column or inside iterators, affecting measure results. Knowing how contexts transition prevents unexpected results when mixing columns and measures. In a System/design discussion round, emphasize the aspects most relevant to that format, such as brevity for screenings, code or queries for technical rounds, tool navigation for hands-on, structured thinking for case scenarios, and trade-offs or architecture for design discussions."
266,Power BI,Common DAX aggregations,Screening/MCQ,[Screening/MCQ] Which DAX functions are most common for basic metrics and why?,"Core DAX aggregations include SUM, COUNTROWS, DISTINCTCOUNT, AVERAGE, MIN, and MAX, which mirror SQL aggregations but operate over filter context. They allow analysts to build measures for total revenue, unique customers, average order value, and extremal values. Starting with these functions provides a solid base before moving to more advanced time-intelligence or iterator functions. In a Screening/MCQ round, emphasize the aspects most relevant to that format, such as brevity for screenings, code or queries for technical rounds, tool navigation for hands-on, structured thinking for case scenarios, and trade-offs or architecture for design discussions."
267,Power BI,Common DAX aggregations,Technical coding,[Technical coding] Which DAX functions are most common for basic metrics and why?,"Core DAX aggregations include SUM, COUNTROWS, DISTINCTCOUNT, AVERAGE, MIN, and MAX, which mirror SQL aggregations but operate over filter context. They allow analysts to build measures for total revenue, unique customers, average order value, and extremal values. Starting with these functions provides a solid base before moving to more advanced time-intelligence or iterator functions. In a Technical coding round, emphasize the aspects most relevant to that format, such as brevity for screenings, code or queries for technical rounds, tool navigation for hands-on, structured thinking for case scenarios, and trade-offs or architecture for design discussions."
268,Power BI,Common DAX aggregations,Tool hands-on,[Tool hands-on] Which DAX functions are most common for basic metrics and why?,"Core DAX aggregations include SUM, COUNTROWS, DISTINCTCOUNT, AVERAGE, MIN, and MAX, which mirror SQL aggregations but operate over filter context. They allow analysts to build measures for total revenue, unique customers, average order value, and extremal values. Starting with these functions provides a solid base before moving to more advanced time-intelligence or iterator functions. In a Tool hands-on round, emphasize the aspects most relevant to that format, such as brevity for screenings, code or queries for technical rounds, tool navigation for hands-on, structured thinking for case scenarios, and trade-offs or architecture for design discussions."
269,Power BI,Common DAX aggregations,Case/Scenario,[Case/Scenario] Which DAX functions are most common for basic metrics and why?,"Core DAX aggregations include SUM, COUNTROWS, DISTINCTCOUNT, AVERAGE, MIN, and MAX, which mirror SQL aggregations but operate over filter context. They allow analysts to build measures for total revenue, unique customers, average order value, and extremal values. Starting with these functions provides a solid base before moving to more advanced time-intelligence or iterator functions. In a Case/Scenario round, emphasize the aspects most relevant to that format, such as brevity for screenings, code or queries for technical rounds, tool navigation for hands-on, structured thinking for case scenarios, and trade-offs or architecture for design discussions."
270,Power BI,Common DAX aggregations,System/design discussion,[System/design discussion] Which DAX functions are most common for basic metrics and why?,"Core DAX aggregations include SUM, COUNTROWS, DISTINCTCOUNT, AVERAGE, MIN, and MAX, which mirror SQL aggregations but operate over filter context. They allow analysts to build measures for total revenue, unique customers, average order value, and extremal values. Starting with these functions provides a solid base before moving to more advanced time-intelligence or iterator functions. In a System/design discussion round, emphasize the aspects most relevant to that format, such as brevity for screenings, code or queries for technical rounds, tool navigation for hands-on, structured thinking for case scenarios, and trade-offs or architecture for design discussions."
271,Power BI,Time intelligence,Screening/MCQ,"[Screening/MCQ] What is time intelligence in DAX, and give examples.","Time intelligence functions like TOTALYTD, SAMEPERIODLASTYEAR, DATEADD, and PARALLELPERIOD help compute metrics relative to dates, such as year-to-date totals or year-over-year growth. They rely on a properly configured date dimension table and relationships in the model. Analysts use them to build standard financial and product KPIs over time. In a Screening/MCQ round, emphasize the aspects most relevant to that format, such as brevity for screenings, code or queries for technical rounds, tool navigation for hands-on, structured thinking for case scenarios, and trade-offs or architecture for design discussions."
272,Power BI,Time intelligence,Technical coding,"[Technical coding] What is time intelligence in DAX, and give examples.","Time intelligence functions like TOTALYTD, SAMEPERIODLASTYEAR, DATEADD, and PARALLELPERIOD help compute metrics relative to dates, such as year-to-date totals or year-over-year growth. They rely on a properly configured date dimension table and relationships in the model. Analysts use them to build standard financial and product KPIs over time. In a Technical coding round, emphasize the aspects most relevant to that format, such as brevity for screenings, code or queries for technical rounds, tool navigation for hands-on, structured thinking for case scenarios, and trade-offs or architecture for design discussions."
273,Power BI,Time intelligence,Tool hands-on,"[Tool hands-on] What is time intelligence in DAX, and give examples.","Time intelligence functions like TOTALYTD, SAMEPERIODLASTYEAR, DATEADD, and PARALLELPERIOD help compute metrics relative to dates, such as year-to-date totals or year-over-year growth. They rely on a properly configured date dimension table and relationships in the model. Analysts use them to build standard financial and product KPIs over time. In a Tool hands-on round, emphasize the aspects most relevant to that format, such as brevity for screenings, code or queries for technical rounds, tool navigation for hands-on, structured thinking for case scenarios, and trade-offs or architecture for design discussions."
274,Power BI,Time intelligence,Case/Scenario,"[Case/Scenario] What is time intelligence in DAX, and give examples.","Time intelligence functions like TOTALYTD, SAMEPERIODLASTYEAR, DATEADD, and PARALLELPERIOD help compute metrics relative to dates, such as year-to-date totals or year-over-year growth. They rely on a properly configured date dimension table and relationships in the model. Analysts use them to build standard financial and product KPIs over time. In a Case/Scenario round, emphasize the aspects most relevant to that format, such as brevity for screenings, code or queries for technical rounds, tool navigation for hands-on, structured thinking for case scenarios, and trade-offs or architecture for design discussions."
275,Power BI,Time intelligence,System/design discussion,"[System/design discussion] What is time intelligence in DAX, and give examples.","Time intelligence functions like TOTALYTD, SAMEPERIODLASTYEAR, DATEADD, and PARALLELPERIOD help compute metrics relative to dates, such as year-to-date totals or year-over-year growth. They rely on a properly configured date dimension table and relationships in the model. Analysts use them to build standard financial and product KPIs over time. In a System/design discussion round, emphasize the aspects most relevant to that format, such as brevity for screenings, code or queries for technical rounds, tool navigation for hands-on, structured thinking for case scenarios, and trade-offs or architecture for design discussions."
276,Power BI,Iterators (X functions),Screening/MCQ,[Screening/MCQ] Explain iterator functions like SUMX and AVERAGEX and when they are necessary.,"Iterator functions evaluate an expression for each row in a table, then aggregate the results, which is useful when simple aggregations are insufficient. SUMX, for example, can multiply quantity by price per row and then sum, handling more complex calculations than SUM of a single column. They give fine-grained control at the cost of potentially higher computation. In a Screening/MCQ round, emphasize the aspects most relevant to that format, such as brevity for screenings, code or queries for technical rounds, tool navigation for hands-on, structured thinking for case scenarios, and trade-offs or architecture for design discussions."
277,Power BI,Iterators (X functions),Technical coding,[Technical coding] Explain iterator functions like SUMX and AVERAGEX and when they are necessary.,"Iterator functions evaluate an expression for each row in a table, then aggregate the results, which is useful when simple aggregations are insufficient. SUMX, for example, can multiply quantity by price per row and then sum, handling more complex calculations than SUM of a single column. They give fine-grained control at the cost of potentially higher computation. In a Technical coding round, emphasize the aspects most relevant to that format, such as brevity for screenings, code or queries for technical rounds, tool navigation for hands-on, structured thinking for case scenarios, and trade-offs or architecture for design discussions."
278,Power BI,Iterators (X functions),Tool hands-on,[Tool hands-on] Explain iterator functions like SUMX and AVERAGEX and when they are necessary.,"Iterator functions evaluate an expression for each row in a table, then aggregate the results, which is useful when simple aggregations are insufficient. SUMX, for example, can multiply quantity by price per row and then sum, handling more complex calculations than SUM of a single column. They give fine-grained control at the cost of potentially higher computation. In a Tool hands-on round, emphasize the aspects most relevant to that format, such as brevity for screenings, code or queries for technical rounds, tool navigation for hands-on, structured thinking for case scenarios, and trade-offs or architecture for design discussions."
279,Power BI,Iterators (X functions),Case/Scenario,[Case/Scenario] Explain iterator functions like SUMX and AVERAGEX and when they are necessary.,"Iterator functions evaluate an expression for each row in a table, then aggregate the results, which is useful when simple aggregations are insufficient. SUMX, for example, can multiply quantity by price per row and then sum, handling more complex calculations than SUM of a single column. They give fine-grained control at the cost of potentially higher computation. In a Case/Scenario round, emphasize the aspects most relevant to that format, such as brevity for screenings, code or queries for technical rounds, tool navigation for hands-on, structured thinking for case scenarios, and trade-offs or architecture for design discussions."
280,Power BI,Iterators (X functions),System/design discussion,[System/design discussion] Explain iterator functions like SUMX and AVERAGEX and when they are necessary.,"Iterator functions evaluate an expression for each row in a table, then aggregate the results, which is useful when simple aggregations are insufficient. SUMX, for example, can multiply quantity by price per row and then sum, handling more complex calculations than SUM of a single column. They give fine-grained control at the cost of potentially higher computation. In a System/design discussion round, emphasize the aspects most relevant to that format, such as brevity for screenings, code or queries for technical rounds, tool navigation for hands-on, structured thinking for case scenarios, and trade-offs or architecture for design discussions."
281,Power BI,Visual types,Screening/MCQ,[Screening/MCQ] How do you choose appropriate visual types for different analytical questions?,"Choosing visuals depends on the question: bar and column charts for comparisons, line charts for trends, scatter plots for relationships, and tables/matrices for detailed views. Pie and donut charts are used sparingly for simple parts-of-whole, while maps display geographic patterns. Aligning visuals with questions prevents misleading or cluttered dashboards. In a Screening/MCQ round, emphasize the aspects most relevant to that format, such as brevity for screenings, code or queries for technical rounds, tool navigation for hands-on, structured thinking for case scenarios, and trade-offs or architecture for design discussions."
282,Power BI,Visual types,Technical coding,[Technical coding] How do you choose appropriate visual types for different analytical questions?,"Choosing visuals depends on the question: bar and column charts for comparisons, line charts for trends, scatter plots for relationships, and tables/matrices for detailed views. Pie and donut charts are used sparingly for simple parts-of-whole, while maps display geographic patterns. Aligning visuals with questions prevents misleading or cluttered dashboards. In a Technical coding round, emphasize the aspects most relevant to that format, such as brevity for screenings, code or queries for technical rounds, tool navigation for hands-on, structured thinking for case scenarios, and trade-offs or architecture for design discussions."
283,Power BI,Visual types,Tool hands-on,[Tool hands-on] How do you choose appropriate visual types for different analytical questions?,"Choosing visuals depends on the question: bar and column charts for comparisons, line charts for trends, scatter plots for relationships, and tables/matrices for detailed views. Pie and donut charts are used sparingly for simple parts-of-whole, while maps display geographic patterns. Aligning visuals with questions prevents misleading or cluttered dashboards. In a Tool hands-on round, emphasize the aspects most relevant to that format, such as brevity for screenings, code or queries for technical rounds, tool navigation for hands-on, structured thinking for case scenarios, and trade-offs or architecture for design discussions."
284,Power BI,Visual types,Case/Scenario,[Case/Scenario] How do you choose appropriate visual types for different analytical questions?,"Choosing visuals depends on the question: bar and column charts for comparisons, line charts for trends, scatter plots for relationships, and tables/matrices for detailed views. Pie and donut charts are used sparingly for simple parts-of-whole, while maps display geographic patterns. Aligning visuals with questions prevents misleading or cluttered dashboards. In a Case/Scenario round, emphasize the aspects most relevant to that format, such as brevity for screenings, code or queries for technical rounds, tool navigation for hands-on, structured thinking for case scenarios, and trade-offs or architecture for design discussions."
285,Power BI,Visual types,System/design discussion,[System/design discussion] How do you choose appropriate visual types for different analytical questions?,"Choosing visuals depends on the question: bar and column charts for comparisons, line charts for trends, scatter plots for relationships, and tables/matrices for detailed views. Pie and donut charts are used sparingly for simple parts-of-whole, while maps display geographic patterns. Aligning visuals with questions prevents misleading or cluttered dashboards. In a System/design discussion round, emphasize the aspects most relevant to that format, such as brevity for screenings, code or queries for technical rounds, tool navigation for hands-on, structured thinking for case scenarios, and trade-offs or architecture for design discussions."
286,Power BI,Drill-through and drill-down,Screening/MCQ,[Screening/MCQ] Describe drill-down and drill-through in Power BI and their value to stakeholders.,"Drill-down lets users navigate hierarchical data within a visual, such as going from year to quarter to month. Drill-through opens a dedicated page filtered to a selected entity, like a customer or product, showing detailed information. These interactions empower stakeholders to explore data and answer follow-up questions without editing the report. In a Screening/MCQ round, emphasize the aspects most relevant to that format, such as brevity for screenings, code or queries for technical rounds, tool navigation for hands-on, structured thinking for case scenarios, and trade-offs or architecture for design discussions."
287,Power BI,Drill-through and drill-down,Technical coding,[Technical coding] Describe drill-down and drill-through in Power BI and their value to stakeholders.,"Drill-down lets users navigate hierarchical data within a visual, such as going from year to quarter to month. Drill-through opens a dedicated page filtered to a selected entity, like a customer or product, showing detailed information. These interactions empower stakeholders to explore data and answer follow-up questions without editing the report. In a Technical coding round, emphasize the aspects most relevant to that format, such as brevity for screenings, code or queries for technical rounds, tool navigation for hands-on, structured thinking for case scenarios, and trade-offs or architecture for design discussions."
288,Power BI,Drill-through and drill-down,Tool hands-on,[Tool hands-on] Describe drill-down and drill-through in Power BI and their value to stakeholders.,"Drill-down lets users navigate hierarchical data within a visual, such as going from year to quarter to month. Drill-through opens a dedicated page filtered to a selected entity, like a customer or product, showing detailed information. These interactions empower stakeholders to explore data and answer follow-up questions without editing the report. In a Tool hands-on round, emphasize the aspects most relevant to that format, such as brevity for screenings, code or queries for technical rounds, tool navigation for hands-on, structured thinking for case scenarios, and trade-offs or architecture for design discussions."
289,Power BI,Drill-through and drill-down,Case/Scenario,[Case/Scenario] Describe drill-down and drill-through in Power BI and their value to stakeholders.,"Drill-down lets users navigate hierarchical data within a visual, such as going from year to quarter to month. Drill-through opens a dedicated page filtered to a selected entity, like a customer or product, showing detailed information. These interactions empower stakeholders to explore data and answer follow-up questions without editing the report. In a Case/Scenario round, emphasize the aspects most relevant to that format, such as brevity for screenings, code or queries for technical rounds, tool navigation for hands-on, structured thinking for case scenarios, and trade-offs or architecture for design discussions."
290,Power BI,Drill-through and drill-down,System/design discussion,[System/design discussion] Describe drill-down and drill-through in Power BI and their value to stakeholders.,"Drill-down lets users navigate hierarchical data within a visual, such as going from year to quarter to month. Drill-through opens a dedicated page filtered to a selected entity, like a customer or product, showing detailed information. These interactions empower stakeholders to explore data and answer follow-up questions without editing the report. In a System/design discussion round, emphasize the aspects most relevant to that format, such as brevity for screenings, code or queries for technical rounds, tool navigation for hands-on, structured thinking for case scenarios, and trade-offs or architecture for design discussions."
291,Power BI,Bookmarks and storytelling,Screening/MCQ,[Screening/MCQ] How can bookmarks support storytelling in Power BI presentations?,"Bookmarks capture the current filter state, visual selection, and page configuration, enabling curated navigation paths. Analysts can create bookmark-driven narratives that highlight specific insights, scenarios, or 'before and after' comparisons during presentations. This turns dashboards into guided stories rather than static collections of visuals. In a Screening/MCQ round, emphasize the aspects most relevant to that format, such as brevity for screenings, code or queries for technical rounds, tool navigation for hands-on, structured thinking for case scenarios, and trade-offs or architecture for design discussions."
292,Power BI,Bookmarks and storytelling,Technical coding,[Technical coding] How can bookmarks support storytelling in Power BI presentations?,"Bookmarks capture the current filter state, visual selection, and page configuration, enabling curated navigation paths. Analysts can create bookmark-driven narratives that highlight specific insights, scenarios, or 'before and after' comparisons during presentations. This turns dashboards into guided stories rather than static collections of visuals. In a Technical coding round, emphasize the aspects most relevant to that format, such as brevity for screenings, code or queries for technical rounds, tool navigation for hands-on, structured thinking for case scenarios, and trade-offs or architecture for design discussions."
293,Power BI,Bookmarks and storytelling,Tool hands-on,[Tool hands-on] How can bookmarks support storytelling in Power BI presentations?,"Bookmarks capture the current filter state, visual selection, and page configuration, enabling curated navigation paths. Analysts can create bookmark-driven narratives that highlight specific insights, scenarios, or 'before and after' comparisons during presentations. This turns dashboards into guided stories rather than static collections of visuals. In a Tool hands-on round, emphasize the aspects most relevant to that format, such as brevity for screenings, code or queries for technical rounds, tool navigation for hands-on, structured thinking for case scenarios, and trade-offs or architecture for design discussions."
294,Power BI,Bookmarks and storytelling,Case/Scenario,[Case/Scenario] How can bookmarks support storytelling in Power BI presentations?,"Bookmarks capture the current filter state, visual selection, and page configuration, enabling curated navigation paths. Analysts can create bookmark-driven narratives that highlight specific insights, scenarios, or 'before and after' comparisons during presentations. This turns dashboards into guided stories rather than static collections of visuals. In a Case/Scenario round, emphasize the aspects most relevant to that format, such as brevity for screenings, code or queries for technical rounds, tool navigation for hands-on, structured thinking for case scenarios, and trade-offs or architecture for design discussions."
295,Power BI,Bookmarks and storytelling,System/design discussion,[System/design discussion] How can bookmarks support storytelling in Power BI presentations?,"Bookmarks capture the current filter state, visual selection, and page configuration, enabling curated navigation paths. Analysts can create bookmark-driven narratives that highlight specific insights, scenarios, or 'before and after' comparisons during presentations. This turns dashboards into guided stories rather than static collections of visuals. In a System/design discussion round, emphasize the aspects most relevant to that format, such as brevity for screenings, code or queries for technical rounds, tool navigation for hands-on, structured thinking for case scenarios, and trade-offs or architecture for design discussions."
296,Power BI,Row-level security,Screening/MCQ,[Screening/MCQ] Explain row-level security (RLS) and why it matters.,"Row-level security restricts which rows a given user can see, based on roles and filter expressions applied to the data model. It is crucial when sharing dashboards across regions, departments, or partners who should only see their own data. Proper RLS implementation balances access needs with confidentiality and compliance requirements. In a Screening/MCQ round, emphasize the aspects most relevant to that format, such as brevity for screenings, code or queries for technical rounds, tool navigation for hands-on, structured thinking for case scenarios, and trade-offs or architecture for design discussions."
297,Power BI,Row-level security,Technical coding,[Technical coding] Explain row-level security (RLS) and why it matters.,"Row-level security restricts which rows a given user can see, based on roles and filter expressions applied to the data model. It is crucial when sharing dashboards across regions, departments, or partners who should only see their own data. Proper RLS implementation balances access needs with confidentiality and compliance requirements. In a Technical coding round, emphasize the aspects most relevant to that format, such as brevity for screenings, code or queries for technical rounds, tool navigation for hands-on, structured thinking for case scenarios, and trade-offs or architecture for design discussions."
298,Power BI,Row-level security,Tool hands-on,[Tool hands-on] Explain row-level security (RLS) and why it matters.,"Row-level security restricts which rows a given user can see, based on roles and filter expressions applied to the data model. It is crucial when sharing dashboards across regions, departments, or partners who should only see their own data. Proper RLS implementation balances access needs with confidentiality and compliance requirements. In a Tool hands-on round, emphasize the aspects most relevant to that format, such as brevity for screenings, code or queries for technical rounds, tool navigation for hands-on, structured thinking for case scenarios, and trade-offs or architecture for design discussions."
299,Power BI,Row-level security,Case/Scenario,[Case/Scenario] Explain row-level security (RLS) and why it matters.,"Row-level security restricts which rows a given user can see, based on roles and filter expressions applied to the data model. It is crucial when sharing dashboards across regions, departments, or partners who should only see their own data. Proper RLS implementation balances access needs with confidentiality and compliance requirements. In a Case/Scenario round, emphasize the aspects most relevant to that format, such as brevity for screenings, code or queries for technical rounds, tool navigation for hands-on, structured thinking for case scenarios, and trade-offs or architecture for design discussions."
300,Power BI,Row-level security,System/design discussion,[System/design discussion] Explain row-level security (RLS) and why it matters.,"Row-level security restricts which rows a given user can see, based on roles and filter expressions applied to the data model. It is crucial when sharing dashboards across regions, departments, or partners who should only see their own data. Proper RLS implementation balances access needs with confidentiality and compliance requirements. In a System/design discussion round, emphasize the aspects most relevant to that format, such as brevity for screenings, code or queries for technical rounds, tool navigation for hands-on, structured thinking for case scenarios, and trade-offs or architecture for design discussions."
301,Power BI,Performance optimization,Screening/MCQ,[Screening/MCQ] What steps can you take to optimize Power BI report performance?,"Optimization includes reducing model size by removing unused columns, using appropriate data types, and aggregating highly detailed tables. Efficient DAX, avoiding overly complex measures, and limiting visuals per page also help. Caching strategies, incremental refresh, and evaluating DirectQuery versus Import mode are part of performance tuning. In a Screening/MCQ round, emphasize the aspects most relevant to that format, such as brevity for screenings, code or queries for technical rounds, tool navigation for hands-on, structured thinking for case scenarios, and trade-offs or architecture for design discussions."
302,Power BI,Performance optimization,Technical coding,[Technical coding] What steps can you take to optimize Power BI report performance?,"Optimization includes reducing model size by removing unused columns, using appropriate data types, and aggregating highly detailed tables. Efficient DAX, avoiding overly complex measures, and limiting visuals per page also help. Caching strategies, incremental refresh, and evaluating DirectQuery versus Import mode are part of performance tuning. In a Technical coding round, emphasize the aspects most relevant to that format, such as brevity for screenings, code or queries for technical rounds, tool navigation for hands-on, structured thinking for case scenarios, and trade-offs or architecture for design discussions."
303,Power BI,Performance optimization,Tool hands-on,[Tool hands-on] What steps can you take to optimize Power BI report performance?,"Optimization includes reducing model size by removing unused columns, using appropriate data types, and aggregating highly detailed tables. Efficient DAX, avoiding overly complex measures, and limiting visuals per page also help. Caching strategies, incremental refresh, and evaluating DirectQuery versus Import mode are part of performance tuning. In a Tool hands-on round, emphasize the aspects most relevant to that format, such as brevity for screenings, code or queries for technical rounds, tool navigation for hands-on, structured thinking for case scenarios, and trade-offs or architecture for design discussions."
304,Power BI,Performance optimization,Case/Scenario,[Case/Scenario] What steps can you take to optimize Power BI report performance?,"Optimization includes reducing model size by removing unused columns, using appropriate data types, and aggregating highly detailed tables. Efficient DAX, avoiding overly complex measures, and limiting visuals per page also help. Caching strategies, incremental refresh, and evaluating DirectQuery versus Import mode are part of performance tuning. In a Case/Scenario round, emphasize the aspects most relevant to that format, such as brevity for screenings, code or queries for technical rounds, tool navigation for hands-on, structured thinking for case scenarios, and trade-offs or architecture for design discussions."
305,Power BI,Performance optimization,System/design discussion,[System/design discussion] What steps can you take to optimize Power BI report performance?,"Optimization includes reducing model size by removing unused columns, using appropriate data types, and aggregating highly detailed tables. Efficient DAX, avoiding overly complex measures, and limiting visuals per page also help. Caching strategies, incremental refresh, and evaluating DirectQuery versus Import mode are part of performance tuning. In a System/design discussion round, emphasize the aspects most relevant to that format, such as brevity for screenings, code or queries for technical rounds, tool navigation for hands-on, structured thinking for case scenarios, and trade-offs or architecture for design discussions."
306,Power BI,Incremental refresh,Screening/MCQ,[Screening/MCQ] What is incremental refresh in Power BI and when would you use it?,"Incremental refresh loads only new and changed data rather than reloading entire tables, based on date-range rules. It is vital for large datasets where full refreshes would be slow or resource-intensive. Analysts configure parameters and policy settings so that historical data remains static while recent periods are updated regularly. In a Screening/MCQ round, emphasize the aspects most relevant to that format, such as brevity for screenings, code or queries for technical rounds, tool navigation for hands-on, structured thinking for case scenarios, and trade-offs or architecture for design discussions."
307,Power BI,Incremental refresh,Technical coding,[Technical coding] What is incremental refresh in Power BI and when would you use it?,"Incremental refresh loads only new and changed data rather than reloading entire tables, based on date-range rules. It is vital for large datasets where full refreshes would be slow or resource-intensive. Analysts configure parameters and policy settings so that historical data remains static while recent periods are updated regularly. In a Technical coding round, emphasize the aspects most relevant to that format, such as brevity for screenings, code or queries for technical rounds, tool navigation for hands-on, structured thinking for case scenarios, and trade-offs or architecture for design discussions."
308,Power BI,Incremental refresh,Tool hands-on,[Tool hands-on] What is incremental refresh in Power BI and when would you use it?,"Incremental refresh loads only new and changed data rather than reloading entire tables, based on date-range rules. It is vital for large datasets where full refreshes would be slow or resource-intensive. Analysts configure parameters and policy settings so that historical data remains static while recent periods are updated regularly. In a Tool hands-on round, emphasize the aspects most relevant to that format, such as brevity for screenings, code or queries for technical rounds, tool navigation for hands-on, structured thinking for case scenarios, and trade-offs or architecture for design discussions."
309,Power BI,Incremental refresh,Case/Scenario,[Case/Scenario] What is incremental refresh in Power BI and when would you use it?,"Incremental refresh loads only new and changed data rather than reloading entire tables, based on date-range rules. It is vital for large datasets where full refreshes would be slow or resource-intensive. Analysts configure parameters and policy settings so that historical data remains static while recent periods are updated regularly. In a Case/Scenario round, emphasize the aspects most relevant to that format, such as brevity for screenings, code or queries for technical rounds, tool navigation for hands-on, structured thinking for case scenarios, and trade-offs or architecture for design discussions."
310,Power BI,Incremental refresh,System/design discussion,[System/design discussion] What is incremental refresh in Power BI and when would you use it?,"Incremental refresh loads only new and changed data rather than reloading entire tables, based on date-range rules. It is vital for large datasets where full refreshes would be slow or resource-intensive. Analysts configure parameters and policy settings so that historical data remains static while recent periods are updated regularly. In a System/design discussion round, emphasize the aspects most relevant to that format, such as brevity for screenings, code or queries for technical rounds, tool navigation for hands-on, structured thinking for case scenarios, and trade-offs or architecture for design discussions."
311,Power BI,Composite models,Screening/MCQ,[Screening/MCQ] Briefly describe composite models and their advantages.,"Composite models allow combining Import and DirectQuery tables in a single dataset, offering flexibility between performance and real-time data access. They let analysts cache frequently used tables while querying massive or sensitive data live. This hybrid approach supports complex scenarios such as mixing warehouse facts with live operational systems. In a Screening/MCQ round, emphasize the aspects most relevant to that format, such as brevity for screenings, code or queries for technical rounds, tool navigation for hands-on, structured thinking for case scenarios, and trade-offs or architecture for design discussions."
312,Power BI,Composite models,Technical coding,[Technical coding] Briefly describe composite models and their advantages.,"Composite models allow combining Import and DirectQuery tables in a single dataset, offering flexibility between performance and real-time data access. They let analysts cache frequently used tables while querying massive or sensitive data live. This hybrid approach supports complex scenarios such as mixing warehouse facts with live operational systems. In a Technical coding round, emphasize the aspects most relevant to that format, such as brevity for screenings, code or queries for technical rounds, tool navigation for hands-on, structured thinking for case scenarios, and trade-offs or architecture for design discussions."
313,Power BI,Composite models,Tool hands-on,[Tool hands-on] Briefly describe composite models and their advantages.,"Composite models allow combining Import and DirectQuery tables in a single dataset, offering flexibility between performance and real-time data access. They let analysts cache frequently used tables while querying massive or sensitive data live. This hybrid approach supports complex scenarios such as mixing warehouse facts with live operational systems. In a Tool hands-on round, emphasize the aspects most relevant to that format, such as brevity for screenings, code or queries for technical rounds, tool navigation for hands-on, structured thinking for case scenarios, and trade-offs or architecture for design discussions."
314,Power BI,Composite models,Case/Scenario,[Case/Scenario] Briefly describe composite models and their advantages.,"Composite models allow combining Import and DirectQuery tables in a single dataset, offering flexibility between performance and real-time data access. They let analysts cache frequently used tables while querying massive or sensitive data live. This hybrid approach supports complex scenarios such as mixing warehouse facts with live operational systems. In a Case/Scenario round, emphasize the aspects most relevant to that format, such as brevity for screenings, code or queries for technical rounds, tool navigation for hands-on, structured thinking for case scenarios, and trade-offs or architecture for design discussions."
315,Power BI,Composite models,System/design discussion,[System/design discussion] Briefly describe composite models and their advantages.,"Composite models allow combining Import and DirectQuery tables in a single dataset, offering flexibility between performance and real-time data access. They let analysts cache frequently used tables while querying massive or sensitive data live. This hybrid approach supports complex scenarios such as mixing warehouse facts with live operational systems. In a System/design discussion round, emphasize the aspects most relevant to that format, such as brevity for screenings, code or queries for technical rounds, tool navigation for hands-on, structured thinking for case scenarios, and trade-offs or architecture for design discussions."
316,Power BI,Deployment pipelines,Screening/MCQ,[Screening/MCQ] How do deployment pipelines support Power BI governance?,"Deployment pipelines enable promoting content across development, test, and production stages with controlled changes. Analysts and BI teams can validate new measures, visuals, and model tweaks in non-production workspaces before release. This reduces the risk of breaking critical executive dashboards and supports structured release management. In a Screening/MCQ round, emphasize the aspects most relevant to that format, such as brevity for screenings, code or queries for technical rounds, tool navigation for hands-on, structured thinking for case scenarios, and trade-offs or architecture for design discussions."
317,Power BI,Deployment pipelines,Technical coding,[Technical coding] How do deployment pipelines support Power BI governance?,"Deployment pipelines enable promoting content across development, test, and production stages with controlled changes. Analysts and BI teams can validate new measures, visuals, and model tweaks in non-production workspaces before release. This reduces the risk of breaking critical executive dashboards and supports structured release management. In a Technical coding round, emphasize the aspects most relevant to that format, such as brevity for screenings, code or queries for technical rounds, tool navigation for hands-on, structured thinking for case scenarios, and trade-offs or architecture for design discussions."
318,Power BI,Deployment pipelines,Tool hands-on,[Tool hands-on] How do deployment pipelines support Power BI governance?,"Deployment pipelines enable promoting content across development, test, and production stages with controlled changes. Analysts and BI teams can validate new measures, visuals, and model tweaks in non-production workspaces before release. This reduces the risk of breaking critical executive dashboards and supports structured release management. In a Tool hands-on round, emphasize the aspects most relevant to that format, such as brevity for screenings, code or queries for technical rounds, tool navigation for hands-on, structured thinking for case scenarios, and trade-offs or architecture for design discussions."
319,Power BI,Deployment pipelines,Case/Scenario,[Case/Scenario] How do deployment pipelines support Power BI governance?,"Deployment pipelines enable promoting content across development, test, and production stages with controlled changes. Analysts and BI teams can validate new measures, visuals, and model tweaks in non-production workspaces before release. This reduces the risk of breaking critical executive dashboards and supports structured release management. In a Case/Scenario round, emphasize the aspects most relevant to that format, such as brevity for screenings, code or queries for technical rounds, tool navigation for hands-on, structured thinking for case scenarios, and trade-offs or architecture for design discussions."
320,Power BI,Deployment pipelines,System/design discussion,[System/design discussion] How do deployment pipelines support Power BI governance?,"Deployment pipelines enable promoting content across development, test, and production stages with controlled changes. Analysts and BI teams can validate new measures, visuals, and model tweaks in non-production workspaces before release. This reduces the risk of breaking critical executive dashboards and supports structured release management. In a System/design discussion round, emphasize the aspects most relevant to that format, such as brevity for screenings, code or queries for technical rounds, tool navigation for hands-on, structured thinking for case scenarios, and trade-offs or architecture for design discussions."
321,Power BI,Usage metrics,Screening/MCQ,[Screening/MCQ] Why should analysts monitor Power BI usage metrics?,"Usage metrics show which reports and dashboards are most used, by whom, and how often, guiding improvement efforts. Low usage may indicate discoverability issues, irrelevant content, or performance problems, while high usage highlights critical assets. Monitoring trends helps prioritize enhancements and retire unused artifacts. In a Screening/MCQ round, emphasize the aspects most relevant to that format, such as brevity for screenings, code or queries for technical rounds, tool navigation for hands-on, structured thinking for case scenarios, and trade-offs or architecture for design discussions."
322,Power BI,Usage metrics,Technical coding,[Technical coding] Why should analysts monitor Power BI usage metrics?,"Usage metrics show which reports and dashboards are most used, by whom, and how often, guiding improvement efforts. Low usage may indicate discoverability issues, irrelevant content, or performance problems, while high usage highlights critical assets. Monitoring trends helps prioritize enhancements and retire unused artifacts. In a Technical coding round, emphasize the aspects most relevant to that format, such as brevity for screenings, code or queries for technical rounds, tool navigation for hands-on, structured thinking for case scenarios, and trade-offs or architecture for design discussions."
323,Power BI,Usage metrics,Tool hands-on,[Tool hands-on] Why should analysts monitor Power BI usage metrics?,"Usage metrics show which reports and dashboards are most used, by whom, and how often, guiding improvement efforts. Low usage may indicate discoverability issues, irrelevant content, or performance problems, while high usage highlights critical assets. Monitoring trends helps prioritize enhancements and retire unused artifacts. In a Tool hands-on round, emphasize the aspects most relevant to that format, such as brevity for screenings, code or queries for technical rounds, tool navigation for hands-on, structured thinking for case scenarios, and trade-offs or architecture for design discussions."
324,Power BI,Usage metrics,Case/Scenario,[Case/Scenario] Why should analysts monitor Power BI usage metrics?,"Usage metrics show which reports and dashboards are most used, by whom, and how often, guiding improvement efforts. Low usage may indicate discoverability issues, irrelevant content, or performance problems, while high usage highlights critical assets. Monitoring trends helps prioritize enhancements and retire unused artifacts. In a Case/Scenario round, emphasize the aspects most relevant to that format, such as brevity for screenings, code or queries for technical rounds, tool navigation for hands-on, structured thinking for case scenarios, and trade-offs or architecture for design discussions."
325,Power BI,Usage metrics,System/design discussion,[System/design discussion] Why should analysts monitor Power BI usage metrics?,"Usage metrics show which reports and dashboards are most used, by whom, and how often, guiding improvement efforts. Low usage may indicate discoverability issues, irrelevant content, or performance problems, while high usage highlights critical assets. Monitoring trends helps prioritize enhancements and retire unused artifacts. In a System/design discussion round, emphasize the aspects most relevant to that format, such as brevity for screenings, code or queries for technical rounds, tool navigation for hands-on, structured thinking for case scenarios, and trade-offs or architecture for design discussions."
326,Power BI,Power BI and Excel integration,Screening/MCQ,[Screening/MCQ] Describe how Power BI integrates with Excel and why that matters.,"Power BI datasets can be analyzed in Excel via pivot tables, and Excel files can serve as data sources for Power BI reports. This integration leverages familiar Excel workflows while centralizing models and metrics in Power BI. It eases adoption by analysts and business users who are comfortable with Excel. In a Screening/MCQ round, emphasize the aspects most relevant to that format, such as brevity for screenings, code or queries for technical rounds, tool navigation for hands-on, structured thinking for case scenarios, and trade-offs or architecture for design discussions."
327,Power BI,Power BI and Excel integration,Technical coding,[Technical coding] Describe how Power BI integrates with Excel and why that matters.,"Power BI datasets can be analyzed in Excel via pivot tables, and Excel files can serve as data sources for Power BI reports. This integration leverages familiar Excel workflows while centralizing models and metrics in Power BI. It eases adoption by analysts and business users who are comfortable with Excel. In a Technical coding round, emphasize the aspects most relevant to that format, such as brevity for screenings, code or queries for technical rounds, tool navigation for hands-on, structured thinking for case scenarios, and trade-offs or architecture for design discussions."
328,Power BI,Power BI and Excel integration,Tool hands-on,[Tool hands-on] Describe how Power BI integrates with Excel and why that matters.,"Power BI datasets can be analyzed in Excel via pivot tables, and Excel files can serve as data sources for Power BI reports. This integration leverages familiar Excel workflows while centralizing models and metrics in Power BI. It eases adoption by analysts and business users who are comfortable with Excel. In a Tool hands-on round, emphasize the aspects most relevant to that format, such as brevity for screenings, code or queries for technical rounds, tool navigation for hands-on, structured thinking for case scenarios, and trade-offs or architecture for design discussions."
329,Power BI,Power BI and Excel integration,Case/Scenario,[Case/Scenario] Describe how Power BI integrates with Excel and why that matters.,"Power BI datasets can be analyzed in Excel via pivot tables, and Excel files can serve as data sources for Power BI reports. This integration leverages familiar Excel workflows while centralizing models and metrics in Power BI. It eases adoption by analysts and business users who are comfortable with Excel. In a Case/Scenario round, emphasize the aspects most relevant to that format, such as brevity for screenings, code or queries for technical rounds, tool navigation for hands-on, structured thinking for case scenarios, and trade-offs or architecture for design discussions."
330,Power BI,Power BI and Excel integration,System/design discussion,[System/design discussion] Describe how Power BI integrates with Excel and why that matters.,"Power BI datasets can be analyzed in Excel via pivot tables, and Excel files can serve as data sources for Power BI reports. This integration leverages familiar Excel workflows while centralizing models and metrics in Power BI. It eases adoption by analysts and business users who are comfortable with Excel. In a System/design discussion round, emphasize the aspects most relevant to that format, such as brevity for screenings, code or queries for technical rounds, tool navigation for hands-on, structured thinking for case scenarios, and trade-offs or architecture for design discussions."
331,Power BI,Mobile view,Screening/MCQ,[Screening/MCQ] What considerations go into designing reports for mobile consumption?,"Mobile views require simplified layouts, larger touch targets, and prioritizing key KPIs at the top of the screen. Analysts often create dedicated mobile-optimized report views with fewer visuals and clear navigation. Ensuring performance and readability on small screens increases usability for field and executive users. In a Screening/MCQ round, emphasize the aspects most relevant to that format, such as brevity for screenings, code or queries for technical rounds, tool navigation for hands-on, structured thinking for case scenarios, and trade-offs or architecture for design discussions."
332,Power BI,Mobile view,Technical coding,[Technical coding] What considerations go into designing reports for mobile consumption?,"Mobile views require simplified layouts, larger touch targets, and prioritizing key KPIs at the top of the screen. Analysts often create dedicated mobile-optimized report views with fewer visuals and clear navigation. Ensuring performance and readability on small screens increases usability for field and executive users. In a Technical coding round, emphasize the aspects most relevant to that format, such as brevity for screenings, code or queries for technical rounds, tool navigation for hands-on, structured thinking for case scenarios, and trade-offs or architecture for design discussions."
333,Power BI,Mobile view,Tool hands-on,[Tool hands-on] What considerations go into designing reports for mobile consumption?,"Mobile views require simplified layouts, larger touch targets, and prioritizing key KPIs at the top of the screen. Analysts often create dedicated mobile-optimized report views with fewer visuals and clear navigation. Ensuring performance and readability on small screens increases usability for field and executive users. In a Tool hands-on round, emphasize the aspects most relevant to that format, such as brevity for screenings, code or queries for technical rounds, tool navigation for hands-on, structured thinking for case scenarios, and trade-offs or architecture for design discussions."
334,Power BI,Mobile view,Case/Scenario,[Case/Scenario] What considerations go into designing reports for mobile consumption?,"Mobile views require simplified layouts, larger touch targets, and prioritizing key KPIs at the top of the screen. Analysts often create dedicated mobile-optimized report views with fewer visuals and clear navigation. Ensuring performance and readability on small screens increases usability for field and executive users. In a Case/Scenario round, emphasize the aspects most relevant to that format, such as brevity for screenings, code or queries for technical rounds, tool navigation for hands-on, structured thinking for case scenarios, and trade-offs or architecture for design discussions."
335,Power BI,Mobile view,System/design discussion,[System/design discussion] What considerations go into designing reports for mobile consumption?,"Mobile views require simplified layouts, larger touch targets, and prioritizing key KPIs at the top of the screen. Analysts often create dedicated mobile-optimized report views with fewer visuals and clear navigation. Ensuring performance and readability on small screens increases usability for field and executive users. In a System/design discussion round, emphasize the aspects most relevant to that format, such as brevity for screenings, code or queries for technical rounds, tool navigation for hands-on, structured thinking for case scenarios, and trade-offs or architecture for design discussions."
336,Power BI,Power BI governance,Screening/MCQ,[Screening/MCQ] Briefly discuss governance practices around Power BI.,"Governance involves defining workspaces, naming conventions, data certification processes, and access controls to manage Power BI content. It ensures reports are trusted, avoids proliferation of conflicting dashboards, and supports auditability. Collaboration between BI, IT, and business teams is critical for sustainable self-service analytics. In a Screening/MCQ round, emphasize the aspects most relevant to that format, such as brevity for screenings, code or queries for technical rounds, tool navigation for hands-on, structured thinking for case scenarios, and trade-offs or architecture for design discussions."
337,Power BI,Power BI governance,Technical coding,[Technical coding] Briefly discuss governance practices around Power BI.,"Governance involves defining workspaces, naming conventions, data certification processes, and access controls to manage Power BI content. It ensures reports are trusted, avoids proliferation of conflicting dashboards, and supports auditability. Collaboration between BI, IT, and business teams is critical for sustainable self-service analytics. In a Technical coding round, emphasize the aspects most relevant to that format, such as brevity for screenings, code or queries for technical rounds, tool navigation for hands-on, structured thinking for case scenarios, and trade-offs or architecture for design discussions."
338,Power BI,Power BI governance,Tool hands-on,[Tool hands-on] Briefly discuss governance practices around Power BI.,"Governance involves defining workspaces, naming conventions, data certification processes, and access controls to manage Power BI content. It ensures reports are trusted, avoids proliferation of conflicting dashboards, and supports auditability. Collaboration between BI, IT, and business teams is critical for sustainable self-service analytics. In a Tool hands-on round, emphasize the aspects most relevant to that format, such as brevity for screenings, code or queries for technical rounds, tool navigation for hands-on, structured thinking for case scenarios, and trade-offs or architecture for design discussions."
339,Power BI,Power BI governance,Case/Scenario,[Case/Scenario] Briefly discuss governance practices around Power BI.,"Governance involves defining workspaces, naming conventions, data certification processes, and access controls to manage Power BI content. It ensures reports are trusted, avoids proliferation of conflicting dashboards, and supports auditability. Collaboration between BI, IT, and business teams is critical for sustainable self-service analytics. In a Case/Scenario round, emphasize the aspects most relevant to that format, such as brevity for screenings, code or queries for technical rounds, tool navigation for hands-on, structured thinking for case scenarios, and trade-offs or architecture for design discussions."
340,Power BI,Power BI governance,System/design discussion,[System/design discussion] Briefly discuss governance practices around Power BI.,"Governance involves defining workspaces, naming conventions, data certification processes, and access controls to manage Power BI content. It ensures reports are trusted, avoids proliferation of conflicting dashboards, and supports auditability. Collaboration between BI, IT, and business teams is critical for sustainable self-service analytics. In a System/design discussion round, emphasize the aspects most relevant to that format, such as brevity for screenings, code or queries for technical rounds, tool navigation for hands-on, structured thinking for case scenarios, and trade-offs or architecture for design discussions."
341,Power BI,Common pitfalls,Screening/MCQ,[Screening/MCQ] What are common mistakes new Power BI users make?,"Common pitfalls include overloading pages with visuals, misconfiguring relationships, mixing row-level columns and measures incorrectly, and ignoring performance until reports are slow. New users may also fail to document models or refresh rules, causing confusion later. Awareness of these issues and following best practices leads to more robust solutions. In a Screening/MCQ round, emphasize the aspects most relevant to that format, such as brevity for screenings, code or queries for technical rounds, tool navigation for hands-on, structured thinking for case scenarios, and trade-offs or architecture for design discussions."
342,Power BI,Common pitfalls,Technical coding,[Technical coding] What are common mistakes new Power BI users make?,"Common pitfalls include overloading pages with visuals, misconfiguring relationships, mixing row-level columns and measures incorrectly, and ignoring performance until reports are slow. New users may also fail to document models or refresh rules, causing confusion later. Awareness of these issues and following best practices leads to more robust solutions. In a Technical coding round, emphasize the aspects most relevant to that format, such as brevity for screenings, code or queries for technical rounds, tool navigation for hands-on, structured thinking for case scenarios, and trade-offs or architecture for design discussions."
343,Power BI,Common pitfalls,Tool hands-on,[Tool hands-on] What are common mistakes new Power BI users make?,"Common pitfalls include overloading pages with visuals, misconfiguring relationships, mixing row-level columns and measures incorrectly, and ignoring performance until reports are slow. New users may also fail to document models or refresh rules, causing confusion later. Awareness of these issues and following best practices leads to more robust solutions. In a Tool hands-on round, emphasize the aspects most relevant to that format, such as brevity for screenings, code or queries for technical rounds, tool navigation for hands-on, structured thinking for case scenarios, and trade-offs or architecture for design discussions."
344,Power BI,Common pitfalls,Case/Scenario,[Case/Scenario] What are common mistakes new Power BI users make?,"Common pitfalls include overloading pages with visuals, misconfiguring relationships, mixing row-level columns and measures incorrectly, and ignoring performance until reports are slow. New users may also fail to document models or refresh rules, causing confusion later. Awareness of these issues and following best practices leads to more robust solutions. In a Case/Scenario round, emphasize the aspects most relevant to that format, such as brevity for screenings, code or queries for technical rounds, tool navigation for hands-on, structured thinking for case scenarios, and trade-offs or architecture for design discussions."
345,Power BI,Common pitfalls,System/design discussion,[System/design discussion] What are common mistakes new Power BI users make?,"Common pitfalls include overloading pages with visuals, misconfiguring relationships, mixing row-level columns and measures incorrectly, and ignoring performance until reports are slow. New users may also fail to document models or refresh rules, causing confusion later. Awareness of these issues and following best practices leads to more robust solutions. In a System/design discussion round, emphasize the aspects most relevant to that format, such as brevity for screenings, code or queries for technical rounds, tool navigation for hands-on, structured thinking for case scenarios, and trade-offs or architecture for design discussions."
346,Power BI,Power BI vs other BI tools,Screening/MCQ,[Screening/MCQ] How would you articulate Power BI's strengths compared with other BI tools in an interview?,"Power BI offers tight integration with the Microsoft ecosystem, strong self-service capabilities, and a rich DAX language for modeling. Its licensing, cloud service, and frequent feature updates make it attractive for organizations already using Office 365 or Azure. In interviews, emphasizing familiarity with its strengths while showing openness to other tools demonstrates practical perspective. In a Screening/MCQ round, emphasize the aspects most relevant to that format, such as brevity for screenings, code or queries for technical rounds, tool navigation for hands-on, structured thinking for case scenarios, and trade-offs or architecture for design discussions."
347,Power BI,Power BI vs other BI tools,Technical coding,[Technical coding] How would you articulate Power BI's strengths compared with other BI tools in an interview?,"Power BI offers tight integration with the Microsoft ecosystem, strong self-service capabilities, and a rich DAX language for modeling. Its licensing, cloud service, and frequent feature updates make it attractive for organizations already using Office 365 or Azure. In interviews, emphasizing familiarity with its strengths while showing openness to other tools demonstrates practical perspective. In a Technical coding round, emphasize the aspects most relevant to that format, such as brevity for screenings, code or queries for technical rounds, tool navigation for hands-on, structured thinking for case scenarios, and trade-offs or architecture for design discussions."
348,Power BI,Power BI vs other BI tools,Tool hands-on,[Tool hands-on] How would you articulate Power BI's strengths compared with other BI tools in an interview?,"Power BI offers tight integration with the Microsoft ecosystem, strong self-service capabilities, and a rich DAX language for modeling. Its licensing, cloud service, and frequent feature updates make it attractive for organizations already using Office 365 or Azure. In interviews, emphasizing familiarity with its strengths while showing openness to other tools demonstrates practical perspective. In a Tool hands-on round, emphasize the aspects most relevant to that format, such as brevity for screenings, code or queries for technical rounds, tool navigation for hands-on, structured thinking for case scenarios, and trade-offs or architecture for design discussions."
349,Power BI,Power BI vs other BI tools,Case/Scenario,[Case/Scenario] How would you articulate Power BI's strengths compared with other BI tools in an interview?,"Power BI offers tight integration with the Microsoft ecosystem, strong self-service capabilities, and a rich DAX language for modeling. Its licensing, cloud service, and frequent feature updates make it attractive for organizations already using Office 365 or Azure. In interviews, emphasizing familiarity with its strengths while showing openness to other tools demonstrates practical perspective. In a Case/Scenario round, emphasize the aspects most relevant to that format, such as brevity for screenings, code or queries for technical rounds, tool navigation for hands-on, structured thinking for case scenarios, and trade-offs or architecture for design discussions."
350,Power BI,Power BI vs other BI tools,System/design discussion,[System/design discussion] How would you articulate Power BI's strengths compared with other BI tools in an interview?,"Power BI offers tight integration with the Microsoft ecosystem, strong self-service capabilities, and a rich DAX language for modeling. Its licensing, cloud service, and frequent feature updates make it attractive for organizations already using Office 365 or Azure. In interviews, emphasizing familiarity with its strengths while showing openness to other tools demonstrates practical perspective. In a System/design discussion round, emphasize the aspects most relevant to that format, such as brevity for screenings, code or queries for technical rounds, tool navigation for hands-on, structured thinking for case scenarios, and trade-offs or architecture for design discussions."
351,Analytics,Role of a data analyst,Screening/MCQ,[Screening/MCQ] How would you define the core responsibilities of a data analyst?,"A data analyst cleans, transforms, and explores data to generate insights that inform business decisions. They design and track metrics, build reports and dashboards, and communicate findings clearly to stakeholders. The role sits at the intersection of data, business, and communication, requiring both technical and domain understanding. In a Screening/MCQ round, emphasize the aspects most relevant to that format, such as brevity for screenings, code or queries for technical rounds, tool navigation for hands-on, structured thinking for case scenarios, and trade-offs or architecture for design discussions."
352,Analytics,Role of a data analyst,Technical coding,[Technical coding] How would you define the core responsibilities of a data analyst?,"A data analyst cleans, transforms, and explores data to generate insights that inform business decisions. They design and track metrics, build reports and dashboards, and communicate findings clearly to stakeholders. The role sits at the intersection of data, business, and communication, requiring both technical and domain understanding. In a Technical coding round, emphasize the aspects most relevant to that format, such as brevity for screenings, code or queries for technical rounds, tool navigation for hands-on, structured thinking for case scenarios, and trade-offs or architecture for design discussions."
353,Analytics,Role of a data analyst,Tool hands-on,[Tool hands-on] How would you define the core responsibilities of a data analyst?,"A data analyst cleans, transforms, and explores data to generate insights that inform business decisions. They design and track metrics, build reports and dashboards, and communicate findings clearly to stakeholders. The role sits at the intersection of data, business, and communication, requiring both technical and domain understanding. In a Tool hands-on round, emphasize the aspects most relevant to that format, such as brevity for screenings, code or queries for technical rounds, tool navigation for hands-on, structured thinking for case scenarios, and trade-offs or architecture for design discussions."
354,Analytics,Role of a data analyst,Case/Scenario,[Case/Scenario] How would you define the core responsibilities of a data analyst?,"A data analyst cleans, transforms, and explores data to generate insights that inform business decisions. They design and track metrics, build reports and dashboards, and communicate findings clearly to stakeholders. The role sits at the intersection of data, business, and communication, requiring both technical and domain understanding. In a Case/Scenario round, emphasize the aspects most relevant to that format, such as brevity for screenings, code or queries for technical rounds, tool navigation for hands-on, structured thinking for case scenarios, and trade-offs or architecture for design discussions."
355,Analytics,Role of a data analyst,System/design discussion,[System/design discussion] How would you define the core responsibilities of a data analyst?,"A data analyst cleans, transforms, and explores data to generate insights that inform business decisions. They design and track metrics, build reports and dashboards, and communicate findings clearly to stakeholders. The role sits at the intersection of data, business, and communication, requiring both technical and domain understanding. In a System/design discussion round, emphasize the aspects most relevant to that format, such as brevity for screenings, code or queries for technical rounds, tool navigation for hands-on, structured thinking for case scenarios, and trade-offs or architecture for design discussions."
356,Analytics,Problem framing,Screening/MCQ,[Screening/MCQ] Explain why problem framing is critical before doing analysis.,"Problem framing clarifies the question, success metrics, scope, and constraints, preventing wasted effort on irrelevant analyses. By aligning with stakeholders on what decision the analysis should support, analysts can choose appropriate data sources and methods. Good framing also helps interpret results correctly and recommend actionable next steps. In a Screening/MCQ round, emphasize the aspects most relevant to that format, such as brevity for screenings, code or queries for technical rounds, tool navigation for hands-on, structured thinking for case scenarios, and trade-offs or architecture for design discussions."
357,Analytics,Problem framing,Technical coding,[Technical coding] Explain why problem framing is critical before doing analysis.,"Problem framing clarifies the question, success metrics, scope, and constraints, preventing wasted effort on irrelevant analyses. By aligning with stakeholders on what decision the analysis should support, analysts can choose appropriate data sources and methods. Good framing also helps interpret results correctly and recommend actionable next steps. In a Technical coding round, emphasize the aspects most relevant to that format, such as brevity for screenings, code or queries for technical rounds, tool navigation for hands-on, structured thinking for case scenarios, and trade-offs or architecture for design discussions."
358,Analytics,Problem framing,Tool hands-on,[Tool hands-on] Explain why problem framing is critical before doing analysis.,"Problem framing clarifies the question, success metrics, scope, and constraints, preventing wasted effort on irrelevant analyses. By aligning with stakeholders on what decision the analysis should support, analysts can choose appropriate data sources and methods. Good framing also helps interpret results correctly and recommend actionable next steps. In a Tool hands-on round, emphasize the aspects most relevant to that format, such as brevity for screenings, code or queries for technical rounds, tool navigation for hands-on, structured thinking for case scenarios, and trade-offs or architecture for design discussions."
359,Analytics,Problem framing,Case/Scenario,[Case/Scenario] Explain why problem framing is critical before doing analysis.,"Problem framing clarifies the question, success metrics, scope, and constraints, preventing wasted effort on irrelevant analyses. By aligning with stakeholders on what decision the analysis should support, analysts can choose appropriate data sources and methods. Good framing also helps interpret results correctly and recommend actionable next steps. In a Case/Scenario round, emphasize the aspects most relevant to that format, such as brevity for screenings, code or queries for technical rounds, tool navigation for hands-on, structured thinking for case scenarios, and trade-offs or architecture for design discussions."
360,Analytics,Problem framing,System/design discussion,[System/design discussion] Explain why problem framing is critical before doing analysis.,"Problem framing clarifies the question, success metrics, scope, and constraints, preventing wasted effort on irrelevant analyses. By aligning with stakeholders on what decision the analysis should support, analysts can choose appropriate data sources and methods. Good framing also helps interpret results correctly and recommend actionable next steps. In a System/design discussion round, emphasize the aspects most relevant to that format, such as brevity for screenings, code or queries for technical rounds, tool navigation for hands-on, structured thinking for case scenarios, and trade-offs or architecture for design discussions."
361,Analytics,Metrics vs KPIs,Screening/MCQ,[Screening/MCQ] Differentiate between a metric and a KPI with examples.,"Metrics are quantitative measures that describe aspects of performance, such as page views or orders, while KPIs are key metrics tied directly to strategic goals. For an e-commerce company, conversion rate and revenue per user may be KPIs, whereas bounce rate is an informative metric but not necessarily a core KPI. Distinguishing them keeps dashboards focused on what matters most. In a Screening/MCQ round, emphasize the aspects most relevant to that format, such as brevity for screenings, code or queries for technical rounds, tool navigation for hands-on, structured thinking for case scenarios, and trade-offs or architecture for design discussions."
362,Analytics,Metrics vs KPIs,Technical coding,[Technical coding] Differentiate between a metric and a KPI with examples.,"Metrics are quantitative measures that describe aspects of performance, such as page views or orders, while KPIs are key metrics tied directly to strategic goals. For an e-commerce company, conversion rate and revenue per user may be KPIs, whereas bounce rate is an informative metric but not necessarily a core KPI. Distinguishing them keeps dashboards focused on what matters most. In a Technical coding round, emphasize the aspects most relevant to that format, such as brevity for screenings, code or queries for technical rounds, tool navigation for hands-on, structured thinking for case scenarios, and trade-offs or architecture for design discussions."
363,Analytics,Metrics vs KPIs,Tool hands-on,[Tool hands-on] Differentiate between a metric and a KPI with examples.,"Metrics are quantitative measures that describe aspects of performance, such as page views or orders, while KPIs are key metrics tied directly to strategic goals. For an e-commerce company, conversion rate and revenue per user may be KPIs, whereas bounce rate is an informative metric but not necessarily a core KPI. Distinguishing them keeps dashboards focused on what matters most. In a Tool hands-on round, emphasize the aspects most relevant to that format, such as brevity for screenings, code or queries for technical rounds, tool navigation for hands-on, structured thinking for case scenarios, and trade-offs or architecture for design discussions."
364,Analytics,Metrics vs KPIs,Case/Scenario,[Case/Scenario] Differentiate between a metric and a KPI with examples.,"Metrics are quantitative measures that describe aspects of performance, such as page views or orders, while KPIs are key metrics tied directly to strategic goals. For an e-commerce company, conversion rate and revenue per user may be KPIs, whereas bounce rate is an informative metric but not necessarily a core KPI. Distinguishing them keeps dashboards focused on what matters most. In a Case/Scenario round, emphasize the aspects most relevant to that format, such as brevity for screenings, code or queries for technical rounds, tool navigation for hands-on, structured thinking for case scenarios, and trade-offs or architecture for design discussions."
365,Analytics,Metrics vs KPIs,System/design discussion,[System/design discussion] Differentiate between a metric and a KPI with examples.,"Metrics are quantitative measures that describe aspects of performance, such as page views or orders, while KPIs are key metrics tied directly to strategic goals. For an e-commerce company, conversion rate and revenue per user may be KPIs, whereas bounce rate is an informative metric but not necessarily a core KPI. Distinguishing them keeps dashboards focused on what matters most. In a System/design discussion round, emphasize the aspects most relevant to that format, such as brevity for screenings, code or queries for technical rounds, tool navigation for hands-on, structured thinking for case scenarios, and trade-offs or architecture for design discussions."
366,Analytics,Cohort analysis,Screening/MCQ,[Screening/MCQ] What is cohort analysis and when is it useful?,"Cohort analysis groups users or entities by a shared starting event, such as signup month, and tracks behavior over time within each group. It reveals retention patterns, engagement differences between cohorts, and effects of product changes on new versus existing users. This perspective is useful for subscription businesses, apps, and any context where time since event matters. In a Screening/MCQ round, emphasize the aspects most relevant to that format, such as brevity for screenings, code or queries for technical rounds, tool navigation for hands-on, structured thinking for case scenarios, and trade-offs or architecture for design discussions."
367,Analytics,Cohort analysis,Technical coding,[Technical coding] What is cohort analysis and when is it useful?,"Cohort analysis groups users or entities by a shared starting event, such as signup month, and tracks behavior over time within each group. It reveals retention patterns, engagement differences between cohorts, and effects of product changes on new versus existing users. This perspective is useful for subscription businesses, apps, and any context where time since event matters. In a Technical coding round, emphasize the aspects most relevant to that format, such as brevity for screenings, code or queries for technical rounds, tool navigation for hands-on, structured thinking for case scenarios, and trade-offs or architecture for design discussions."
368,Analytics,Cohort analysis,Tool hands-on,[Tool hands-on] What is cohort analysis and when is it useful?,"Cohort analysis groups users or entities by a shared starting event, such as signup month, and tracks behavior over time within each group. It reveals retention patterns, engagement differences between cohorts, and effects of product changes on new versus existing users. This perspective is useful for subscription businesses, apps, and any context where time since event matters. In a Tool hands-on round, emphasize the aspects most relevant to that format, such as brevity for screenings, code or queries for technical rounds, tool navigation for hands-on, structured thinking for case scenarios, and trade-offs or architecture for design discussions."
369,Analytics,Cohort analysis,Case/Scenario,[Case/Scenario] What is cohort analysis and when is it useful?,"Cohort analysis groups users or entities by a shared starting event, such as signup month, and tracks behavior over time within each group. It reveals retention patterns, engagement differences between cohorts, and effects of product changes on new versus existing users. This perspective is useful for subscription businesses, apps, and any context where time since event matters. In a Case/Scenario round, emphasize the aspects most relevant to that format, such as brevity for screenings, code or queries for technical rounds, tool navigation for hands-on, structured thinking for case scenarios, and trade-offs or architecture for design discussions."
370,Analytics,Cohort analysis,System/design discussion,[System/design discussion] What is cohort analysis and when is it useful?,"Cohort analysis groups users or entities by a shared starting event, such as signup month, and tracks behavior over time within each group. It reveals retention patterns, engagement differences between cohorts, and effects of product changes on new versus existing users. This perspective is useful for subscription businesses, apps, and any context where time since event matters. In a System/design discussion round, emphasize the aspects most relevant to that format, such as brevity for screenings, code or queries for technical rounds, tool navigation for hands-on, structured thinking for case scenarios, and trade-offs or architecture for design discussions."
371,Analytics,Segmentation,Screening/MCQ,[Screening/MCQ] Explain customer segmentation and its analytical value.,"Segmentation divides customers into groups based on characteristics or behaviors, such as demographics, spend, or usage patterns. It helps tailor marketing campaigns, product features, and support strategies to each segment's needs. Analysts often use clustering, rule-based segments, or RFM (recency, frequency, monetary value) frameworks. In a Screening/MCQ round, emphasize the aspects most relevant to that format, such as brevity for screenings, code or queries for technical rounds, tool navigation for hands-on, structured thinking for case scenarios, and trade-offs or architecture for design discussions."
372,Analytics,Segmentation,Technical coding,[Technical coding] Explain customer segmentation and its analytical value.,"Segmentation divides customers into groups based on characteristics or behaviors, such as demographics, spend, or usage patterns. It helps tailor marketing campaigns, product features, and support strategies to each segment's needs. Analysts often use clustering, rule-based segments, or RFM (recency, frequency, monetary value) frameworks. In a Technical coding round, emphasize the aspects most relevant to that format, such as brevity for screenings, code or queries for technical rounds, tool navigation for hands-on, structured thinking for case scenarios, and trade-offs or architecture for design discussions."
373,Analytics,Segmentation,Tool hands-on,[Tool hands-on] Explain customer segmentation and its analytical value.,"Segmentation divides customers into groups based on characteristics or behaviors, such as demographics, spend, or usage patterns. It helps tailor marketing campaigns, product features, and support strategies to each segment's needs. Analysts often use clustering, rule-based segments, or RFM (recency, frequency, monetary value) frameworks. In a Tool hands-on round, emphasize the aspects most relevant to that format, such as brevity for screenings, code or queries for technical rounds, tool navigation for hands-on, structured thinking for case scenarios, and trade-offs or architecture for design discussions."
374,Analytics,Segmentation,Case/Scenario,[Case/Scenario] Explain customer segmentation and its analytical value.,"Segmentation divides customers into groups based on characteristics or behaviors, such as demographics, spend, or usage patterns. It helps tailor marketing campaigns, product features, and support strategies to each segment's needs. Analysts often use clustering, rule-based segments, or RFM (recency, frequency, monetary value) frameworks. In a Case/Scenario round, emphasize the aspects most relevant to that format, such as brevity for screenings, code or queries for technical rounds, tool navigation for hands-on, structured thinking for case scenarios, and trade-offs or architecture for design discussions."
375,Analytics,Segmentation,System/design discussion,[System/design discussion] Explain customer segmentation and its analytical value.,"Segmentation divides customers into groups based on characteristics or behaviors, such as demographics, spend, or usage patterns. It helps tailor marketing campaigns, product features, and support strategies to each segment's needs. Analysts often use clustering, rule-based segments, or RFM (recency, frequency, monetary value) frameworks. In a System/design discussion round, emphasize the aspects most relevant to that format, such as brevity for screenings, code or queries for technical rounds, tool navigation for hands-on, structured thinking for case scenarios, and trade-offs or architecture for design discussions."
376,Analytics,A/B testing basics,Screening/MCQ,[Screening/MCQ] Describe the basic setup of an A/B test in a digital product.,"An A/B test randomly assigns users to control and treatment groups, exposes them to different experiences, and measures predefined metrics. Analysts ensure randomization, sufficient sample size, and consistent tracking, then compare outcomes statistically to infer whether the change improved performance. Proper test design avoids biases and premature conclusions. In a Screening/MCQ round, emphasize the aspects most relevant to that format, such as brevity for screenings, code or queries for technical rounds, tool navigation for hands-on, structured thinking for case scenarios, and trade-offs or architecture for design discussions."
377,Analytics,A/B testing basics,Technical coding,[Technical coding] Describe the basic setup of an A/B test in a digital product.,"An A/B test randomly assigns users to control and treatment groups, exposes them to different experiences, and measures predefined metrics. Analysts ensure randomization, sufficient sample size, and consistent tracking, then compare outcomes statistically to infer whether the change improved performance. Proper test design avoids biases and premature conclusions. In a Technical coding round, emphasize the aspects most relevant to that format, such as brevity for screenings, code or queries for technical rounds, tool navigation for hands-on, structured thinking for case scenarios, and trade-offs or architecture for design discussions."
378,Analytics,A/B testing basics,Tool hands-on,[Tool hands-on] Describe the basic setup of an A/B test in a digital product.,"An A/B test randomly assigns users to control and treatment groups, exposes them to different experiences, and measures predefined metrics. Analysts ensure randomization, sufficient sample size, and consistent tracking, then compare outcomes statistically to infer whether the change improved performance. Proper test design avoids biases and premature conclusions. In a Tool hands-on round, emphasize the aspects most relevant to that format, such as brevity for screenings, code or queries for technical rounds, tool navigation for hands-on, structured thinking for case scenarios, and trade-offs or architecture for design discussions."
379,Analytics,A/B testing basics,Case/Scenario,[Case/Scenario] Describe the basic setup of an A/B test in a digital product.,"An A/B test randomly assigns users to control and treatment groups, exposes them to different experiences, and measures predefined metrics. Analysts ensure randomization, sufficient sample size, and consistent tracking, then compare outcomes statistically to infer whether the change improved performance. Proper test design avoids biases and premature conclusions. In a Case/Scenario round, emphasize the aspects most relevant to that format, such as brevity for screenings, code or queries for technical rounds, tool navigation for hands-on, structured thinking for case scenarios, and trade-offs or architecture for design discussions."
380,Analytics,A/B testing basics,System/design discussion,[System/design discussion] Describe the basic setup of an A/B test in a digital product.,"An A/B test randomly assigns users to control and treatment groups, exposes them to different experiences, and measures predefined metrics. Analysts ensure randomization, sufficient sample size, and consistent tracking, then compare outcomes statistically to infer whether the change improved performance. Proper test design avoids biases and premature conclusions. In a System/design discussion round, emphasize the aspects most relevant to that format, such as brevity for screenings, code or queries for technical rounds, tool navigation for hands-on, structured thinking for case scenarios, and trade-offs or architecture for design discussions."
381,Analytics,Experiment pitfalls,Screening/MCQ,[Screening/MCQ] What are common pitfalls in running experiments?,"Pitfalls include stopping tests too early, peeking at results and making decisions based on noise, and running overlapping experiments that interfere with each other. Poor metric choice, sample contamination, or implementation bugs can also invalidate results. Analysts must plan, monitor, and interpret experiments carefully to avoid misleading decisions. In a Screening/MCQ round, emphasize the aspects most relevant to that format, such as brevity for screenings, code or queries for technical rounds, tool navigation for hands-on, structured thinking for case scenarios, and trade-offs or architecture for design discussions."
382,Analytics,Experiment pitfalls,Technical coding,[Technical coding] What are common pitfalls in running experiments?,"Pitfalls include stopping tests too early, peeking at results and making decisions based on noise, and running overlapping experiments that interfere with each other. Poor metric choice, sample contamination, or implementation bugs can also invalidate results. Analysts must plan, monitor, and interpret experiments carefully to avoid misleading decisions. In a Technical coding round, emphasize the aspects most relevant to that format, such as brevity for screenings, code or queries for technical rounds, tool navigation for hands-on, structured thinking for case scenarios, and trade-offs or architecture for design discussions."
383,Analytics,Experiment pitfalls,Tool hands-on,[Tool hands-on] What are common pitfalls in running experiments?,"Pitfalls include stopping tests too early, peeking at results and making decisions based on noise, and running overlapping experiments that interfere with each other. Poor metric choice, sample contamination, or implementation bugs can also invalidate results. Analysts must plan, monitor, and interpret experiments carefully to avoid misleading decisions. In a Tool hands-on round, emphasize the aspects most relevant to that format, such as brevity for screenings, code or queries for technical rounds, tool navigation for hands-on, structured thinking for case scenarios, and trade-offs or architecture for design discussions."
384,Analytics,Experiment pitfalls,Case/Scenario,[Case/Scenario] What are common pitfalls in running experiments?,"Pitfalls include stopping tests too early, peeking at results and making decisions based on noise, and running overlapping experiments that interfere with each other. Poor metric choice, sample contamination, or implementation bugs can also invalidate results. Analysts must plan, monitor, and interpret experiments carefully to avoid misleading decisions. In a Case/Scenario round, emphasize the aspects most relevant to that format, such as brevity for screenings, code or queries for technical rounds, tool navigation for hands-on, structured thinking for case scenarios, and trade-offs or architecture for design discussions."
385,Analytics,Experiment pitfalls,System/design discussion,[System/design discussion] What are common pitfalls in running experiments?,"Pitfalls include stopping tests too early, peeking at results and making decisions based on noise, and running overlapping experiments that interfere with each other. Poor metric choice, sample contamination, or implementation bugs can also invalidate results. Analysts must plan, monitor, and interpret experiments carefully to avoid misleading decisions. In a System/design discussion round, emphasize the aspects most relevant to that format, such as brevity for screenings, code or queries for technical rounds, tool navigation for hands-on, structured thinking for case scenarios, and trade-offs or architecture for design discussions."
386,Analytics,Correlation vs causation,Screening/MCQ,[Screening/MCQ] How would you explain correlation vs causation to a non-technical stakeholder?,"Correlation means two variables move together, but it does not guarantee that one causes the other; both may be driven by a third factor or mere coincidence. Causation implies that changing one variable directly influences the other, which typically requires experiments or strong quasi-experimental evidence. Clarifying this distinction prevents overinterpreting observational data. In a Screening/MCQ round, emphasize the aspects most relevant to that format, such as brevity for screenings, code or queries for technical rounds, tool navigation for hands-on, structured thinking for case scenarios, and trade-offs or architecture for design discussions."
387,Analytics,Correlation vs causation,Technical coding,[Technical coding] How would you explain correlation vs causation to a non-technical stakeholder?,"Correlation means two variables move together, but it does not guarantee that one causes the other; both may be driven by a third factor or mere coincidence. Causation implies that changing one variable directly influences the other, which typically requires experiments or strong quasi-experimental evidence. Clarifying this distinction prevents overinterpreting observational data. In a Technical coding round, emphasize the aspects most relevant to that format, such as brevity for screenings, code or queries for technical rounds, tool navigation for hands-on, structured thinking for case scenarios, and trade-offs or architecture for design discussions."
388,Analytics,Correlation vs causation,Tool hands-on,[Tool hands-on] How would you explain correlation vs causation to a non-technical stakeholder?,"Correlation means two variables move together, but it does not guarantee that one causes the other; both may be driven by a third factor or mere coincidence. Causation implies that changing one variable directly influences the other, which typically requires experiments or strong quasi-experimental evidence. Clarifying this distinction prevents overinterpreting observational data. In a Tool hands-on round, emphasize the aspects most relevant to that format, such as brevity for screenings, code or queries for technical rounds, tool navigation for hands-on, structured thinking for case scenarios, and trade-offs or architecture for design discussions."
389,Analytics,Correlation vs causation,Case/Scenario,[Case/Scenario] How would you explain correlation vs causation to a non-technical stakeholder?,"Correlation means two variables move together, but it does not guarantee that one causes the other; both may be driven by a third factor or mere coincidence. Causation implies that changing one variable directly influences the other, which typically requires experiments or strong quasi-experimental evidence. Clarifying this distinction prevents overinterpreting observational data. In a Case/Scenario round, emphasize the aspects most relevant to that format, such as brevity for screenings, code or queries for technical rounds, tool navigation for hands-on, structured thinking for case scenarios, and trade-offs or architecture for design discussions."
390,Analytics,Correlation vs causation,System/design discussion,[System/design discussion] How would you explain correlation vs causation to a non-technical stakeholder?,"Correlation means two variables move together, but it does not guarantee that one causes the other; both may be driven by a third factor or mere coincidence. Causation implies that changing one variable directly influences the other, which typically requires experiments or strong quasi-experimental evidence. Clarifying this distinction prevents overinterpreting observational data. In a System/design discussion round, emphasize the aspects most relevant to that format, such as brevity for screenings, code or queries for technical rounds, tool navigation for hands-on, structured thinking for case scenarios, and trade-offs or architecture for design discussions."
391,Analytics,Outliers,Screening/MCQ,[Screening/MCQ] What are outliers and how should analysts treat them?,"Outliers are data points that are unusually far from others, potentially due to errors, rare events, or genuine extremes. Analysts detect them using visualizations, statistical rules, or domain knowledge, then decide whether to correct, exclude, or specifically analyze them. Treatment depends on context and the impact on conclusions. In a Screening/MCQ round, emphasize the aspects most relevant to that format, such as brevity for screenings, code or queries for technical rounds, tool navigation for hands-on, structured thinking for case scenarios, and trade-offs or architecture for design discussions."
392,Analytics,Outliers,Technical coding,[Technical coding] What are outliers and how should analysts treat them?,"Outliers are data points that are unusually far from others, potentially due to errors, rare events, or genuine extremes. Analysts detect them using visualizations, statistical rules, or domain knowledge, then decide whether to correct, exclude, or specifically analyze them. Treatment depends on context and the impact on conclusions. In a Technical coding round, emphasize the aspects most relevant to that format, such as brevity for screenings, code or queries for technical rounds, tool navigation for hands-on, structured thinking for case scenarios, and trade-offs or architecture for design discussions."
393,Analytics,Outliers,Tool hands-on,[Tool hands-on] What are outliers and how should analysts treat them?,"Outliers are data points that are unusually far from others, potentially due to errors, rare events, or genuine extremes. Analysts detect them using visualizations, statistical rules, or domain knowledge, then decide whether to correct, exclude, or specifically analyze them. Treatment depends on context and the impact on conclusions. In a Tool hands-on round, emphasize the aspects most relevant to that format, such as brevity for screenings, code or queries for technical rounds, tool navigation for hands-on, structured thinking for case scenarios, and trade-offs or architecture for design discussions."
394,Analytics,Outliers,Case/Scenario,[Case/Scenario] What are outliers and how should analysts treat them?,"Outliers are data points that are unusually far from others, potentially due to errors, rare events, or genuine extremes. Analysts detect them using visualizations, statistical rules, or domain knowledge, then decide whether to correct, exclude, or specifically analyze them. Treatment depends on context and the impact on conclusions. In a Case/Scenario round, emphasize the aspects most relevant to that format, such as brevity for screenings, code or queries for technical rounds, tool navigation for hands-on, structured thinking for case scenarios, and trade-offs or architecture for design discussions."
395,Analytics,Outliers,System/design discussion,[System/design discussion] What are outliers and how should analysts treat them?,"Outliers are data points that are unusually far from others, potentially due to errors, rare events, or genuine extremes. Analysts detect them using visualizations, statistical rules, or domain knowledge, then decide whether to correct, exclude, or specifically analyze them. Treatment depends on context and the impact on conclusions. In a System/design discussion round, emphasize the aspects most relevant to that format, such as brevity for screenings, code or queries for technical rounds, tool navigation for hands-on, structured thinking for case scenarios, and trade-offs or architecture for design discussions."
396,Analytics,Data quality dimensions,Screening/MCQ,[Screening/MCQ] List and briefly explain key dimensions of data quality.,"Data quality dimensions include completeness, accuracy, consistency, timeliness, and uniqueness. Completeness ensures necessary fields are present; accuracy means values reflect reality; consistency avoids conflicting entries across sources; timeliness relates to up-to-date information; uniqueness prevents duplicate records. Assessing these dimensions guides remediation efforts. In a Screening/MCQ round, emphasize the aspects most relevant to that format, such as brevity for screenings, code or queries for technical rounds, tool navigation for hands-on, structured thinking for case scenarios, and trade-offs or architecture for design discussions."
397,Analytics,Data quality dimensions,Technical coding,[Technical coding] List and briefly explain key dimensions of data quality.,"Data quality dimensions include completeness, accuracy, consistency, timeliness, and uniqueness. Completeness ensures necessary fields are present; accuracy means values reflect reality; consistency avoids conflicting entries across sources; timeliness relates to up-to-date information; uniqueness prevents duplicate records. Assessing these dimensions guides remediation efforts. In a Technical coding round, emphasize the aspects most relevant to that format, such as brevity for screenings, code or queries for technical rounds, tool navigation for hands-on, structured thinking for case scenarios, and trade-offs or architecture for design discussions."
398,Analytics,Data quality dimensions,Tool hands-on,[Tool hands-on] List and briefly explain key dimensions of data quality.,"Data quality dimensions include completeness, accuracy, consistency, timeliness, and uniqueness. Completeness ensures necessary fields are present; accuracy means values reflect reality; consistency avoids conflicting entries across sources; timeliness relates to up-to-date information; uniqueness prevents duplicate records. Assessing these dimensions guides remediation efforts. In a Tool hands-on round, emphasize the aspects most relevant to that format, such as brevity for screenings, code or queries for technical rounds, tool navigation for hands-on, structured thinking for case scenarios, and trade-offs or architecture for design discussions."
399,Analytics,Data quality dimensions,Case/Scenario,[Case/Scenario] List and briefly explain key dimensions of data quality.,"Data quality dimensions include completeness, accuracy, consistency, timeliness, and uniqueness. Completeness ensures necessary fields are present; accuracy means values reflect reality; consistency avoids conflicting entries across sources; timeliness relates to up-to-date information; uniqueness prevents duplicate records. Assessing these dimensions guides remediation efforts. In a Case/Scenario round, emphasize the aspects most relevant to that format, such as brevity for screenings, code or queries for technical rounds, tool navigation for hands-on, structured thinking for case scenarios, and trade-offs or architecture for design discussions."
400,Analytics,Data quality dimensions,System/design discussion,[System/design discussion] List and briefly explain key dimensions of data quality.,"Data quality dimensions include completeness, accuracy, consistency, timeliness, and uniqueness. Completeness ensures necessary fields are present; accuracy means values reflect reality; consistency avoids conflicting entries across sources; timeliness relates to up-to-date information; uniqueness prevents duplicate records. Assessing these dimensions guides remediation efforts. In a System/design discussion round, emphasize the aspects most relevant to that format, such as brevity for screenings, code or queries for technical rounds, tool navigation for hands-on, structured thinking for case scenarios, and trade-offs or architecture for design discussions."
401,Analytics,Dashboard design principles,Screening/MCQ,[Screening/MCQ] What principles guide good dashboard design?,"Good dashboards prioritize key KPIs, use clear visual encodings, avoid clutter, and provide intuitive navigation. They group related metrics, highlight important trends and anomalies, and tailor views to specific audiences. Consistent formats and explanatory text make insights easier to consume. In a Screening/MCQ round, emphasize the aspects most relevant to that format, such as brevity for screenings, code or queries for technical rounds, tool navigation for hands-on, structured thinking for case scenarios, and trade-offs or architecture for design discussions."
402,Analytics,Dashboard design principles,Technical coding,[Technical coding] What principles guide good dashboard design?,"Good dashboards prioritize key KPIs, use clear visual encodings, avoid clutter, and provide intuitive navigation. They group related metrics, highlight important trends and anomalies, and tailor views to specific audiences. Consistent formats and explanatory text make insights easier to consume. In a Technical coding round, emphasize the aspects most relevant to that format, such as brevity for screenings, code or queries for technical rounds, tool navigation for hands-on, structured thinking for case scenarios, and trade-offs or architecture for design discussions."
403,Analytics,Dashboard design principles,Tool hands-on,[Tool hands-on] What principles guide good dashboard design?,"Good dashboards prioritize key KPIs, use clear visual encodings, avoid clutter, and provide intuitive navigation. They group related metrics, highlight important trends and anomalies, and tailor views to specific audiences. Consistent formats and explanatory text make insights easier to consume. In a Tool hands-on round, emphasize the aspects most relevant to that format, such as brevity for screenings, code or queries for technical rounds, tool navigation for hands-on, structured thinking for case scenarios, and trade-offs or architecture for design discussions."
404,Analytics,Dashboard design principles,Case/Scenario,[Case/Scenario] What principles guide good dashboard design?,"Good dashboards prioritize key KPIs, use clear visual encodings, avoid clutter, and provide intuitive navigation. They group related metrics, highlight important trends and anomalies, and tailor views to specific audiences. Consistent formats and explanatory text make insights easier to consume. In a Case/Scenario round, emphasize the aspects most relevant to that format, such as brevity for screenings, code or queries for technical rounds, tool navigation for hands-on, structured thinking for case scenarios, and trade-offs or architecture for design discussions."
405,Analytics,Dashboard design principles,System/design discussion,[System/design discussion] What principles guide good dashboard design?,"Good dashboards prioritize key KPIs, use clear visual encodings, avoid clutter, and provide intuitive navigation. They group related metrics, highlight important trends and anomalies, and tailor views to specific audiences. Consistent formats and explanatory text make insights easier to consume. In a System/design discussion round, emphasize the aspects most relevant to that format, such as brevity for screenings, code or queries for technical rounds, tool navigation for hands-on, structured thinking for case scenarios, and trade-offs or architecture for design discussions."
406,Analytics,Storytelling with data,Screening/MCQ,[Screening/MCQ] Explain storytelling with data and why it matters.,"Storytelling with data means structuring analyses into narratives that connect context, insights, and recommendations, often using visuals. It helps stakeholders understand not just what the numbers are but why they matter and what actions they imply. Effective stories are concise, audience-aware, and grounded in evidence. In a Screening/MCQ round, emphasize the aspects most relevant to that format, such as brevity for screenings, code or queries for technical rounds, tool navigation for hands-on, structured thinking for case scenarios, and trade-offs or architecture for design discussions."
407,Analytics,Storytelling with data,Technical coding,[Technical coding] Explain storytelling with data and why it matters.,"Storytelling with data means structuring analyses into narratives that connect context, insights, and recommendations, often using visuals. It helps stakeholders understand not just what the numbers are but why they matter and what actions they imply. Effective stories are concise, audience-aware, and grounded in evidence. In a Technical coding round, emphasize the aspects most relevant to that format, such as brevity for screenings, code or queries for technical rounds, tool navigation for hands-on, structured thinking for case scenarios, and trade-offs or architecture for design discussions."
408,Analytics,Storytelling with data,Tool hands-on,[Tool hands-on] Explain storytelling with data and why it matters.,"Storytelling with data means structuring analyses into narratives that connect context, insights, and recommendations, often using visuals. It helps stakeholders understand not just what the numbers are but why they matter and what actions they imply. Effective stories are concise, audience-aware, and grounded in evidence. In a Tool hands-on round, emphasize the aspects most relevant to that format, such as brevity for screenings, code or queries for technical rounds, tool navigation for hands-on, structured thinking for case scenarios, and trade-offs or architecture for design discussions."
409,Analytics,Storytelling with data,Case/Scenario,[Case/Scenario] Explain storytelling with data and why it matters.,"Storytelling with data means structuring analyses into narratives that connect context, insights, and recommendations, often using visuals. It helps stakeholders understand not just what the numbers are but why they matter and what actions they imply. Effective stories are concise, audience-aware, and grounded in evidence. In a Case/Scenario round, emphasize the aspects most relevant to that format, such as brevity for screenings, code or queries for technical rounds, tool navigation for hands-on, structured thinking for case scenarios, and trade-offs or architecture for design discussions."
410,Analytics,Storytelling with data,System/design discussion,[System/design discussion] Explain storytelling with data and why it matters.,"Storytelling with data means structuring analyses into narratives that connect context, insights, and recommendations, often using visuals. It helps stakeholders understand not just what the numbers are but why they matter and what actions they imply. Effective stories are concise, audience-aware, and grounded in evidence. In a System/design discussion round, emphasize the aspects most relevant to that format, such as brevity for screenings, code or queries for technical rounds, tool navigation for hands-on, structured thinking for case scenarios, and trade-offs or architecture for design discussions."
411,Analytics,Root cause analysis,Screening/MCQ,[Screening/MCQ] How would you approach root cause analysis for a metric drop?,"Root cause analysis starts by confirming the drop is real, then breaking down the metric by segments such as channel, device, region, or customer type. Analysts look for where changes are concentrated, examine upstream metrics, and review recent product or operational changes. Iterative exploration and collaboration with domain experts lead to plausible causes and targeted fixes. In a Screening/MCQ round, emphasize the aspects most relevant to that format, such as brevity for screenings, code or queries for technical rounds, tool navigation for hands-on, structured thinking for case scenarios, and trade-offs or architecture for design discussions."
412,Analytics,Root cause analysis,Technical coding,[Technical coding] How would you approach root cause analysis for a metric drop?,"Root cause analysis starts by confirming the drop is real, then breaking down the metric by segments such as channel, device, region, or customer type. Analysts look for where changes are concentrated, examine upstream metrics, and review recent product or operational changes. Iterative exploration and collaboration with domain experts lead to plausible causes and targeted fixes. In a Technical coding round, emphasize the aspects most relevant to that format, such as brevity for screenings, code or queries for technical rounds, tool navigation for hands-on, structured thinking for case scenarios, and trade-offs or architecture for design discussions."
413,Analytics,Root cause analysis,Tool hands-on,[Tool hands-on] How would you approach root cause analysis for a metric drop?,"Root cause analysis starts by confirming the drop is real, then breaking down the metric by segments such as channel, device, region, or customer type. Analysts look for where changes are concentrated, examine upstream metrics, and review recent product or operational changes. Iterative exploration and collaboration with domain experts lead to plausible causes and targeted fixes. In a Tool hands-on round, emphasize the aspects most relevant to that format, such as brevity for screenings, code or queries for technical rounds, tool navigation for hands-on, structured thinking for case scenarios, and trade-offs or architecture for design discussions."
414,Analytics,Root cause analysis,Case/Scenario,[Case/Scenario] How would you approach root cause analysis for a metric drop?,"Root cause analysis starts by confirming the drop is real, then breaking down the metric by segments such as channel, device, region, or customer type. Analysts look for where changes are concentrated, examine upstream metrics, and review recent product or operational changes. Iterative exploration and collaboration with domain experts lead to plausible causes and targeted fixes. In a Case/Scenario round, emphasize the aspects most relevant to that format, such as brevity for screenings, code or queries for technical rounds, tool navigation for hands-on, structured thinking for case scenarios, and trade-offs or architecture for design discussions."
415,Analytics,Root cause analysis,System/design discussion,[System/design discussion] How would you approach root cause analysis for a metric drop?,"Root cause analysis starts by confirming the drop is real, then breaking down the metric by segments such as channel, device, region, or customer type. Analysts look for where changes are concentrated, examine upstream metrics, and review recent product or operational changes. Iterative exploration and collaboration with domain experts lead to plausible causes and targeted fixes. In a System/design discussion round, emphasize the aspects most relevant to that format, such as brevity for screenings, code or queries for technical rounds, tool navigation for hands-on, structured thinking for case scenarios, and trade-offs or architecture for design discussions."
416,Analytics,Stakeholder management,Screening/MCQ,[Screening/MCQ] Why is stakeholder management important for data analysts?,"Stakeholder management ensures analysts understand needs, set realistic expectations, and communicate progress and findings effectively. Building trust with product, marketing, and operations teams increases the likelihood that insights are used. It also helps prioritize work and negotiate trade-offs when resources are limited. In a Screening/MCQ round, emphasize the aspects most relevant to that format, such as brevity for screenings, code or queries for technical rounds, tool navigation for hands-on, structured thinking for case scenarios, and trade-offs or architecture for design discussions."
417,Analytics,Stakeholder management,Technical coding,[Technical coding] Why is stakeholder management important for data analysts?,"Stakeholder management ensures analysts understand needs, set realistic expectations, and communicate progress and findings effectively. Building trust with product, marketing, and operations teams increases the likelihood that insights are used. It also helps prioritize work and negotiate trade-offs when resources are limited. In a Technical coding round, emphasize the aspects most relevant to that format, such as brevity for screenings, code or queries for technical rounds, tool navigation for hands-on, structured thinking for case scenarios, and trade-offs or architecture for design discussions."
418,Analytics,Stakeholder management,Tool hands-on,[Tool hands-on] Why is stakeholder management important for data analysts?,"Stakeholder management ensures analysts understand needs, set realistic expectations, and communicate progress and findings effectively. Building trust with product, marketing, and operations teams increases the likelihood that insights are used. It also helps prioritize work and negotiate trade-offs when resources are limited. In a Tool hands-on round, emphasize the aspects most relevant to that format, such as brevity for screenings, code or queries for technical rounds, tool navigation for hands-on, structured thinking for case scenarios, and trade-offs or architecture for design discussions."
419,Analytics,Stakeholder management,Case/Scenario,[Case/Scenario] Why is stakeholder management important for data analysts?,"Stakeholder management ensures analysts understand needs, set realistic expectations, and communicate progress and findings effectively. Building trust with product, marketing, and operations teams increases the likelihood that insights are used. It also helps prioritize work and negotiate trade-offs when resources are limited. In a Case/Scenario round, emphasize the aspects most relevant to that format, such as brevity for screenings, code or queries for technical rounds, tool navigation for hands-on, structured thinking for case scenarios, and trade-offs or architecture for design discussions."
420,Analytics,Stakeholder management,System/design discussion,[System/design discussion] Why is stakeholder management important for data analysts?,"Stakeholder management ensures analysts understand needs, set realistic expectations, and communicate progress and findings effectively. Building trust with product, marketing, and operations teams increases the likelihood that insights are used. It also helps prioritize work and negotiate trade-offs when resources are limited. In a System/design discussion round, emphasize the aspects most relevant to that format, such as brevity for screenings, code or queries for technical rounds, tool navigation for hands-on, structured thinking for case scenarios, and trade-offs or architecture for design discussions."
421,Analytics,Documentation,Screening/MCQ,[Screening/MCQ] What kinds of documentation should a data analyst maintain?,"Analysts should document data sources, metric definitions, transformation logic, and assumptions in reports and code. Clear documentation reduces confusion, aids onboarding, and supports governance and audits. It also makes it easier to update or deprecate artifacts over time. In a Screening/MCQ round, emphasize the aspects most relevant to that format, such as brevity for screenings, code or queries for technical rounds, tool navigation for hands-on, structured thinking for case scenarios, and trade-offs or architecture for design discussions."
422,Analytics,Documentation,Technical coding,[Technical coding] What kinds of documentation should a data analyst maintain?,"Analysts should document data sources, metric definitions, transformation logic, and assumptions in reports and code. Clear documentation reduces confusion, aids onboarding, and supports governance and audits. It also makes it easier to update or deprecate artifacts over time. In a Technical coding round, emphasize the aspects most relevant to that format, such as brevity for screenings, code or queries for technical rounds, tool navigation for hands-on, structured thinking for case scenarios, and trade-offs or architecture for design discussions."
423,Analytics,Documentation,Tool hands-on,[Tool hands-on] What kinds of documentation should a data analyst maintain?,"Analysts should document data sources, metric definitions, transformation logic, and assumptions in reports and code. Clear documentation reduces confusion, aids onboarding, and supports governance and audits. It also makes it easier to update or deprecate artifacts over time. In a Tool hands-on round, emphasize the aspects most relevant to that format, such as brevity for screenings, code or queries for technical rounds, tool navigation for hands-on, structured thinking for case scenarios, and trade-offs or architecture for design discussions."
424,Analytics,Documentation,Case/Scenario,[Case/Scenario] What kinds of documentation should a data analyst maintain?,"Analysts should document data sources, metric definitions, transformation logic, and assumptions in reports and code. Clear documentation reduces confusion, aids onboarding, and supports governance and audits. It also makes it easier to update or deprecate artifacts over time. In a Case/Scenario round, emphasize the aspects most relevant to that format, such as brevity for screenings, code or queries for technical rounds, tool navigation for hands-on, structured thinking for case scenarios, and trade-offs or architecture for design discussions."
425,Analytics,Documentation,System/design discussion,[System/design discussion] What kinds of documentation should a data analyst maintain?,"Analysts should document data sources, metric definitions, transformation logic, and assumptions in reports and code. Clear documentation reduces confusion, aids onboarding, and supports governance and audits. It also makes it easier to update or deprecate artifacts over time. In a System/design discussion round, emphasize the aspects most relevant to that format, such as brevity for screenings, code or queries for technical rounds, tool navigation for hands-on, structured thinking for case scenarios, and trade-offs or architecture for design discussions."
426,Analytics,SQL coding style,Screening/MCQ,[Screening/MCQ] How does coding style in SQL and analytics scripts affect collaboration?,"Consistent naming, indentation, commenting, and query structuring make SQL and scripts easier to read and modify. When multiple analysts work on the same codebase, good style reduces errors and speeds reviews. It is part of professional practice and often encouraged through team guidelines. In a Screening/MCQ round, emphasize the aspects most relevant to that format, such as brevity for screenings, code or queries for technical rounds, tool navigation for hands-on, structured thinking for case scenarios, and trade-offs or architecture for design discussions."
427,Analytics,SQL coding style,Technical coding,[Technical coding] How does coding style in SQL and analytics scripts affect collaboration?,"Consistent naming, indentation, commenting, and query structuring make SQL and scripts easier to read and modify. When multiple analysts work on the same codebase, good style reduces errors and speeds reviews. It is part of professional practice and often encouraged through team guidelines. In a Technical coding round, emphasize the aspects most relevant to that format, such as brevity for screenings, code or queries for technical rounds, tool navigation for hands-on, structured thinking for case scenarios, and trade-offs or architecture for design discussions."
428,Analytics,SQL coding style,Tool hands-on,[Tool hands-on] How does coding style in SQL and analytics scripts affect collaboration?,"Consistent naming, indentation, commenting, and query structuring make SQL and scripts easier to read and modify. When multiple analysts work on the same codebase, good style reduces errors and speeds reviews. It is part of professional practice and often encouraged through team guidelines. In a Tool hands-on round, emphasize the aspects most relevant to that format, such as brevity for screenings, code or queries for technical rounds, tool navigation for hands-on, structured thinking for case scenarios, and trade-offs or architecture for design discussions."
429,Analytics,SQL coding style,Case/Scenario,[Case/Scenario] How does coding style in SQL and analytics scripts affect collaboration?,"Consistent naming, indentation, commenting, and query structuring make SQL and scripts easier to read and modify. When multiple analysts work on the same codebase, good style reduces errors and speeds reviews. It is part of professional practice and often encouraged through team guidelines. In a Case/Scenario round, emphasize the aspects most relevant to that format, such as brevity for screenings, code or queries for technical rounds, tool navigation for hands-on, structured thinking for case scenarios, and trade-offs or architecture for design discussions."
430,Analytics,SQL coding style,System/design discussion,[System/design discussion] How does coding style in SQL and analytics scripts affect collaboration?,"Consistent naming, indentation, commenting, and query structuring make SQL and scripts easier to read and modify. When multiple analysts work on the same codebase, good style reduces errors and speeds reviews. It is part of professional practice and often encouraged through team guidelines. In a System/design discussion round, emphasize the aspects most relevant to that format, such as brevity for screenings, code or queries for technical rounds, tool navigation for hands-on, structured thinking for case scenarios, and trade-offs or architecture for design discussions."
431,Analytics,Choosing the right chart,Screening/MCQ,[Screening/MCQ] Give examples of choosing appropriate charts for specific questions.,"For trends over time, line charts are suitable; for comparing categories, bar charts work well; for distributions, histograms or box plots show shape and outliers; for relationships between two variables, scatter plots highlight patterns. Matching chart types to questions clarifies messages and avoids misinterpretation. Avoiding flashy but confusing charts keeps focus on insights. In a Screening/MCQ round, emphasize the aspects most relevant to that format, such as brevity for screenings, code or queries for technical rounds, tool navigation for hands-on, structured thinking for case scenarios, and trade-offs or architecture for design discussions."
432,Analytics,Choosing the right chart,Technical coding,[Technical coding] Give examples of choosing appropriate charts for specific questions.,"For trends over time, line charts are suitable; for comparing categories, bar charts work well; for distributions, histograms or box plots show shape and outliers; for relationships between two variables, scatter plots highlight patterns. Matching chart types to questions clarifies messages and avoids misinterpretation. Avoiding flashy but confusing charts keeps focus on insights. In a Technical coding round, emphasize the aspects most relevant to that format, such as brevity for screenings, code or queries for technical rounds, tool navigation for hands-on, structured thinking for case scenarios, and trade-offs or architecture for design discussions."
433,Analytics,Choosing the right chart,Tool hands-on,[Tool hands-on] Give examples of choosing appropriate charts for specific questions.,"For trends over time, line charts are suitable; for comparing categories, bar charts work well; for distributions, histograms or box plots show shape and outliers; for relationships between two variables, scatter plots highlight patterns. Matching chart types to questions clarifies messages and avoids misinterpretation. Avoiding flashy but confusing charts keeps focus on insights. In a Tool hands-on round, emphasize the aspects most relevant to that format, such as brevity for screenings, code or queries for technical rounds, tool navigation for hands-on, structured thinking for case scenarios, and trade-offs or architecture for design discussions."
434,Analytics,Choosing the right chart,Case/Scenario,[Case/Scenario] Give examples of choosing appropriate charts for specific questions.,"For trends over time, line charts are suitable; for comparing categories, bar charts work well; for distributions, histograms or box plots show shape and outliers; for relationships between two variables, scatter plots highlight patterns. Matching chart types to questions clarifies messages and avoids misinterpretation. Avoiding flashy but confusing charts keeps focus on insights. In a Case/Scenario round, emphasize the aspects most relevant to that format, such as brevity for screenings, code or queries for technical rounds, tool navigation for hands-on, structured thinking for case scenarios, and trade-offs or architecture for design discussions."
435,Analytics,Choosing the right chart,System/design discussion,[System/design discussion] Give examples of choosing appropriate charts for specific questions.,"For trends over time, line charts are suitable; for comparing categories, bar charts work well; for distributions, histograms or box plots show shape and outliers; for relationships between two variables, scatter plots highlight patterns. Matching chart types to questions clarifies messages and avoids misinterpretation. Avoiding flashy but confusing charts keeps focus on insights. In a System/design discussion round, emphasize the aspects most relevant to that format, such as brevity for screenings, code or queries for technical rounds, tool navigation for hands-on, structured thinking for case scenarios, and trade-offs or architecture for design discussions."
436,Analytics,Basic statistics for analysts,Screening/MCQ,[Screening/MCQ] Which basic statistical concepts should every data analyst know?,"Analysts should understand mean, median, mode, variance, standard deviation, percentiles, and basic probability. Familiarity with confidence intervals, hypothesis testing, and regression is also valuable. These concepts underpin reliable interpretation of data and support more advanced techniques. In a Screening/MCQ round, emphasize the aspects most relevant to that format, such as brevity for screenings, code or queries for technical rounds, tool navigation for hands-on, structured thinking for case scenarios, and trade-offs or architecture for design discussions."
437,Analytics,Basic statistics for analysts,Technical coding,[Technical coding] Which basic statistical concepts should every data analyst know?,"Analysts should understand mean, median, mode, variance, standard deviation, percentiles, and basic probability. Familiarity with confidence intervals, hypothesis testing, and regression is also valuable. These concepts underpin reliable interpretation of data and support more advanced techniques. In a Technical coding round, emphasize the aspects most relevant to that format, such as brevity for screenings, code or queries for technical rounds, tool navigation for hands-on, structured thinking for case scenarios, and trade-offs or architecture for design discussions."
438,Analytics,Basic statistics for analysts,Tool hands-on,[Tool hands-on] Which basic statistical concepts should every data analyst know?,"Analysts should understand mean, median, mode, variance, standard deviation, percentiles, and basic probability. Familiarity with confidence intervals, hypothesis testing, and regression is also valuable. These concepts underpin reliable interpretation of data and support more advanced techniques. In a Tool hands-on round, emphasize the aspects most relevant to that format, such as brevity for screenings, code or queries for technical rounds, tool navigation for hands-on, structured thinking for case scenarios, and trade-offs or architecture for design discussions."
439,Analytics,Basic statistics for analysts,Case/Scenario,[Case/Scenario] Which basic statistical concepts should every data analyst know?,"Analysts should understand mean, median, mode, variance, standard deviation, percentiles, and basic probability. Familiarity with confidence intervals, hypothesis testing, and regression is also valuable. These concepts underpin reliable interpretation of data and support more advanced techniques. In a Case/Scenario round, emphasize the aspects most relevant to that format, such as brevity for screenings, code or queries for technical rounds, tool navigation for hands-on, structured thinking for case scenarios, and trade-offs or architecture for design discussions."
440,Analytics,Basic statistics for analysts,System/design discussion,[System/design discussion] Which basic statistical concepts should every data analyst know?,"Analysts should understand mean, median, mode, variance, standard deviation, percentiles, and basic probability. Familiarity with confidence intervals, hypothesis testing, and regression is also valuable. These concepts underpin reliable interpretation of data and support more advanced techniques. In a System/design discussion round, emphasize the aspects most relevant to that format, such as brevity for screenings, code or queries for technical rounds, tool navigation for hands-on, structured thinking for case scenarios, and trade-offs or architecture for design discussions."
441,Analytics,Data privacy,Screening/MCQ,[Screening/MCQ] Why must analysts consider data privacy and ethics?,"Analysts handle sensitive information that can affect individuals if misused or exposed. Respecting privacy laws, company policies, and ethical guidelines protects users and maintains trust. Decisions about data collection, retention, and use should weigh business benefits against potential harms. In a Screening/MCQ round, emphasize the aspects most relevant to that format, such as brevity for screenings, code or queries for technical rounds, tool navigation for hands-on, structured thinking for case scenarios, and trade-offs or architecture for design discussions."
442,Analytics,Data privacy,Technical coding,[Technical coding] Why must analysts consider data privacy and ethics?,"Analysts handle sensitive information that can affect individuals if misused or exposed. Respecting privacy laws, company policies, and ethical guidelines protects users and maintains trust. Decisions about data collection, retention, and use should weigh business benefits against potential harms. In a Technical coding round, emphasize the aspects most relevant to that format, such as brevity for screenings, code or queries for technical rounds, tool navigation for hands-on, structured thinking for case scenarios, and trade-offs or architecture for design discussions."
443,Analytics,Data privacy,Tool hands-on,[Tool hands-on] Why must analysts consider data privacy and ethics?,"Analysts handle sensitive information that can affect individuals if misused or exposed. Respecting privacy laws, company policies, and ethical guidelines protects users and maintains trust. Decisions about data collection, retention, and use should weigh business benefits against potential harms. In a Tool hands-on round, emphasize the aspects most relevant to that format, such as brevity for screenings, code or queries for technical rounds, tool navigation for hands-on, structured thinking for case scenarios, and trade-offs or architecture for design discussions."
444,Analytics,Data privacy,Case/Scenario,[Case/Scenario] Why must analysts consider data privacy and ethics?,"Analysts handle sensitive information that can affect individuals if misused or exposed. Respecting privacy laws, company policies, and ethical guidelines protects users and maintains trust. Decisions about data collection, retention, and use should weigh business benefits against potential harms. In a Case/Scenario round, emphasize the aspects most relevant to that format, such as brevity for screenings, code or queries for technical rounds, tool navigation for hands-on, structured thinking for case scenarios, and trade-offs or architecture for design discussions."
445,Analytics,Data privacy,System/design discussion,[System/design discussion] Why must analysts consider data privacy and ethics?,"Analysts handle sensitive information that can affect individuals if misused or exposed. Respecting privacy laws, company policies, and ethical guidelines protects users and maintains trust. Decisions about data collection, retention, and use should weigh business benefits against potential harms. In a System/design discussion round, emphasize the aspects most relevant to that format, such as brevity for screenings, code or queries for technical rounds, tool navigation for hands-on, structured thinking for case scenarios, and trade-offs or architecture for design discussions."
446,Analytics,Prioritizing analytics work,Screening/MCQ,[Screening/MCQ] How would you prioritize multiple competing analytics requests?,"Prioritization looks at impact, urgency, effort, and strategic alignment. Analysts discuss with stakeholders to understand dependencies and potential decisions each request informs. They then sequence work to deliver high-value insights early while maintaining realistic workloads. In a Screening/MCQ round, emphasize the aspects most relevant to that format, such as brevity for screenings, code or queries for technical rounds, tool navigation for hands-on, structured thinking for case scenarios, and trade-offs or architecture for design discussions."
447,Analytics,Prioritizing analytics work,Technical coding,[Technical coding] How would you prioritize multiple competing analytics requests?,"Prioritization looks at impact, urgency, effort, and strategic alignment. Analysts discuss with stakeholders to understand dependencies and potential decisions each request informs. They then sequence work to deliver high-value insights early while maintaining realistic workloads. In a Technical coding round, emphasize the aspects most relevant to that format, such as brevity for screenings, code or queries for technical rounds, tool navigation for hands-on, structured thinking for case scenarios, and trade-offs or architecture for design discussions."
448,Analytics,Prioritizing analytics work,Tool hands-on,[Tool hands-on] How would you prioritize multiple competing analytics requests?,"Prioritization looks at impact, urgency, effort, and strategic alignment. Analysts discuss with stakeholders to understand dependencies and potential decisions each request informs. They then sequence work to deliver high-value insights early while maintaining realistic workloads. In a Tool hands-on round, emphasize the aspects most relevant to that format, such as brevity for screenings, code or queries for technical rounds, tool navigation for hands-on, structured thinking for case scenarios, and trade-offs or architecture for design discussions."
449,Analytics,Prioritizing analytics work,Case/Scenario,[Case/Scenario] How would you prioritize multiple competing analytics requests?,"Prioritization looks at impact, urgency, effort, and strategic alignment. Analysts discuss with stakeholders to understand dependencies and potential decisions each request informs. They then sequence work to deliver high-value insights early while maintaining realistic workloads. In a Case/Scenario round, emphasize the aspects most relevant to that format, such as brevity for screenings, code or queries for technical rounds, tool navigation for hands-on, structured thinking for case scenarios, and trade-offs or architecture for design discussions."
450,Analytics,Prioritizing analytics work,System/design discussion,[System/design discussion] How would you prioritize multiple competing analytics requests?,"Prioritization looks at impact, urgency, effort, and strategic alignment. Analysts discuss with stakeholders to understand dependencies and potential decisions each request informs. They then sequence work to deliver high-value insights early while maintaining realistic workloads. In a System/design discussion round, emphasize the aspects most relevant to that format, such as brevity for screenings, code or queries for technical rounds, tool navigation for hands-on, structured thinking for case scenarios, and trade-offs or architecture for design discussions."
451,Analytics,Working with incomplete data,Screening/MCQ,[Screening/MCQ] How do you approach analysis when data is incomplete or imperfect?,"Analysts first assess the extent and patterns of missingness, then decide whether imputation, exclusion, or alternative data sources are appropriate. They communicate limitations and uncertainty transparently in findings. Robust methods and sensitivity checks reduce the risk of misleading conclusions. In a Screening/MCQ round, emphasize the aspects most relevant to that format, such as brevity for screenings, code or queries for technical rounds, tool navigation for hands-on, structured thinking for case scenarios, and trade-offs or architecture for design discussions."
452,Analytics,Working with incomplete data,Technical coding,[Technical coding] How do you approach analysis when data is incomplete or imperfect?,"Analysts first assess the extent and patterns of missingness, then decide whether imputation, exclusion, or alternative data sources are appropriate. They communicate limitations and uncertainty transparently in findings. Robust methods and sensitivity checks reduce the risk of misleading conclusions. In a Technical coding round, emphasize the aspects most relevant to that format, such as brevity for screenings, code or queries for technical rounds, tool navigation for hands-on, structured thinking for case scenarios, and trade-offs or architecture for design discussions."
453,Analytics,Working with incomplete data,Tool hands-on,[Tool hands-on] How do you approach analysis when data is incomplete or imperfect?,"Analysts first assess the extent and patterns of missingness, then decide whether imputation, exclusion, or alternative data sources are appropriate. They communicate limitations and uncertainty transparently in findings. Robust methods and sensitivity checks reduce the risk of misleading conclusions. In a Tool hands-on round, emphasize the aspects most relevant to that format, such as brevity for screenings, code or queries for technical rounds, tool navigation for hands-on, structured thinking for case scenarios, and trade-offs or architecture for design discussions."
454,Analytics,Working with incomplete data,Case/Scenario,[Case/Scenario] How do you approach analysis when data is incomplete or imperfect?,"Analysts first assess the extent and patterns of missingness, then decide whether imputation, exclusion, or alternative data sources are appropriate. They communicate limitations and uncertainty transparently in findings. Robust methods and sensitivity checks reduce the risk of misleading conclusions. In a Case/Scenario round, emphasize the aspects most relevant to that format, such as brevity for screenings, code or queries for technical rounds, tool navigation for hands-on, structured thinking for case scenarios, and trade-offs or architecture for design discussions."
455,Analytics,Working with incomplete data,System/design discussion,[System/design discussion] How do you approach analysis when data is incomplete or imperfect?,"Analysts first assess the extent and patterns of missingness, then decide whether imputation, exclusion, or alternative data sources are appropriate. They communicate limitations and uncertainty transparently in findings. Robust methods and sensitivity checks reduce the risk of misleading conclusions. In a System/design discussion round, emphasize the aspects most relevant to that format, such as brevity for screenings, code or queries for technical rounds, tool navigation for hands-on, structured thinking for case scenarios, and trade-offs or architecture for design discussions."
456,Analytics,Cross-functional collaboration,Screening/MCQ,[Screening/MCQ] Why is cross-functional collaboration important in analytics projects?,"Analytics projects often rely on inputs from engineering, product, marketing, and operations teams. Collaboration ensures data is correctly understood, analyses address real needs, and recommendations are feasible to implement. It also spreads data literacy and builds a culture of evidence-based decision-making. In a Screening/MCQ round, emphasize the aspects most relevant to that format, such as brevity for screenings, code or queries for technical rounds, tool navigation for hands-on, structured thinking for case scenarios, and trade-offs or architecture for design discussions."
457,Analytics,Cross-functional collaboration,Technical coding,[Technical coding] Why is cross-functional collaboration important in analytics projects?,"Analytics projects often rely on inputs from engineering, product, marketing, and operations teams. Collaboration ensures data is correctly understood, analyses address real needs, and recommendations are feasible to implement. It also spreads data literacy and builds a culture of evidence-based decision-making. In a Technical coding round, emphasize the aspects most relevant to that format, such as brevity for screenings, code or queries for technical rounds, tool navigation for hands-on, structured thinking for case scenarios, and trade-offs or architecture for design discussions."
458,Analytics,Cross-functional collaboration,Tool hands-on,[Tool hands-on] Why is cross-functional collaboration important in analytics projects?,"Analytics projects often rely on inputs from engineering, product, marketing, and operations teams. Collaboration ensures data is correctly understood, analyses address real needs, and recommendations are feasible to implement. It also spreads data literacy and builds a culture of evidence-based decision-making. In a Tool hands-on round, emphasize the aspects most relevant to that format, such as brevity for screenings, code or queries for technical rounds, tool navigation for hands-on, structured thinking for case scenarios, and trade-offs or architecture for design discussions."
459,Analytics,Cross-functional collaboration,Case/Scenario,[Case/Scenario] Why is cross-functional collaboration important in analytics projects?,"Analytics projects often rely on inputs from engineering, product, marketing, and operations teams. Collaboration ensures data is correctly understood, analyses address real needs, and recommendations are feasible to implement. It also spreads data literacy and builds a culture of evidence-based decision-making. In a Case/Scenario round, emphasize the aspects most relevant to that format, such as brevity for screenings, code or queries for technical rounds, tool navigation for hands-on, structured thinking for case scenarios, and trade-offs or architecture for design discussions."
460,Analytics,Cross-functional collaboration,System/design discussion,[System/design discussion] Why is cross-functional collaboration important in analytics projects?,"Analytics projects often rely on inputs from engineering, product, marketing, and operations teams. Collaboration ensures data is correctly understood, analyses address real needs, and recommendations are feasible to implement. It also spreads data literacy and builds a culture of evidence-based decision-making. In a System/design discussion round, emphasize the aspects most relevant to that format, such as brevity for screenings, code or queries for technical rounds, tool navigation for hands-on, structured thinking for case scenarios, and trade-offs or architecture for design discussions."
461,Analytics,Preparing for interviews,Screening/MCQ,[Screening/MCQ] How should a candidate prepare for data analyst interviews across multiple rounds?,"Preparation includes reviewing core Python, SQL, and BI concepts, practicing coding and query problems, and preparing case-study examples from past work or projects. Candidates should also rehearse communication of complex ideas simply and think through scenarios where they influenced decisions. Mock interviews and reflection on common behavioral questions round out readiness. In a Screening/MCQ round, emphasize the aspects most relevant to that format, such as brevity for screenings, code or queries for technical rounds, tool navigation for hands-on, structured thinking for case scenarios, and trade-offs or architecture for design discussions."
462,Analytics,Preparing for interviews,Technical coding,[Technical coding] How should a candidate prepare for data analyst interviews across multiple rounds?,"Preparation includes reviewing core Python, SQL, and BI concepts, practicing coding and query problems, and preparing case-study examples from past work or projects. Candidates should also rehearse communication of complex ideas simply and think through scenarios where they influenced decisions. Mock interviews and reflection on common behavioral questions round out readiness. In a Technical coding round, emphasize the aspects most relevant to that format, such as brevity for screenings, code or queries for technical rounds, tool navigation for hands-on, structured thinking for case scenarios, and trade-offs or architecture for design discussions."
463,Analytics,Preparing for interviews,Tool hands-on,[Tool hands-on] How should a candidate prepare for data analyst interviews across multiple rounds?,"Preparation includes reviewing core Python, SQL, and BI concepts, practicing coding and query problems, and preparing case-study examples from past work or projects. Candidates should also rehearse communication of complex ideas simply and think through scenarios where they influenced decisions. Mock interviews and reflection on common behavioral questions round out readiness. In a Tool hands-on round, emphasize the aspects most relevant to that format, such as brevity for screenings, code or queries for technical rounds, tool navigation for hands-on, structured thinking for case scenarios, and trade-offs or architecture for design discussions."
464,Analytics,Preparing for interviews,Case/Scenario,[Case/Scenario] How should a candidate prepare for data analyst interviews across multiple rounds?,"Preparation includes reviewing core Python, SQL, and BI concepts, practicing coding and query problems, and preparing case-study examples from past work or projects. Candidates should also rehearse communication of complex ideas simply and think through scenarios where they influenced decisions. Mock interviews and reflection on common behavioral questions round out readiness. In a Case/Scenario round, emphasize the aspects most relevant to that format, such as brevity for screenings, code or queries for technical rounds, tool navigation for hands-on, structured thinking for case scenarios, and trade-offs or architecture for design discussions."
465,Analytics,Preparing for interviews,System/design discussion,[System/design discussion] How should a candidate prepare for data analyst interviews across multiple rounds?,"Preparation includes reviewing core Python, SQL, and BI concepts, practicing coding and query problems, and preparing case-study examples from past work or projects. Candidates should also rehearse communication of complex ideas simply and think through scenarios where they influenced decisions. Mock interviews and reflection on common behavioral questions round out readiness. In a System/design discussion round, emphasize the aspects most relevant to that format, such as brevity for screenings, code or queries for technical rounds, tool navigation for hands-on, structured thinking for case scenarios, and trade-offs or architecture for design discussions."
